Pclass,Fare,FamilySize,IsAlone,Sex_female,Sex_male,Embarked_C,Embarked_Q,Embarked_S,AgeBand_Adult,AgeBand_Child,AgeBand_Senior,AgeBand_Teen,AgeBand_Young Adult,Survived
0.857516972099437,0.24203899265905413,2.587589542753192,-1.1695366997037855,0.0,1.0,0.0,1.0,0.0,0.0,1.0,0.0,0.0,0.0,0
0.857516972099437,-0.7428864902628999,-0.6093923393369173,0.8550394359178938,1.0,0.0,0.0,0.0,1.0,0.0,0.0,1.0,0.0,0.0,1
0.857516972099437,-0.6067739475174475,0.03000403708110462,-1.1695366997037855,1.0,0.0,0.0,0.0,1.0,0.0,1.0,0.0,0.0,0.0,1
-1.513603782967463,2.0825527956630614,-0.6093923393369173,0.8550394359178938,1.0,0.0,1.0,0.0,0.0,1.0,0.0,0.0,0.0,0.0,1
0.857516972099437,-0.5002784858323482,0.6694004134991265,-1.1695366997037855,1.0,0.0,0.0,0.0,1.0,0.0,0.0,0.0,0.0,1.0,0
0.857516972099437,-0.8470730799266133,-0.6093923393369173,0.8550394359178938,0.0,1.0,0.0,0.0,1.0,0.0,0.0,0.0,0.0,1.0,0
-0.328043405434013,0.08450132744441018,0.03000403708110462,-1.1695366997037855,1.0,0.0,0.0,0.0,1.0,1.0,0.0,0.0,0.0,0.0,1
0.857516972099437,0.18028422789491363,2.587589542753192,-1.1695366997037855,1.0,0.0,0.0,0.0,1.0,0.0,1.0,0.0,0.0,0.0,0
-0.328043405434013,-0.5309441375923699,-0.6093923393369173,0.8550394359178938,1.0,0.0,1.0,0.0,0.0,0.0,0.0,0.0,0.0,1.0,1
0.857516972099437,-0.4975461525668654,0.03000403708110462,-1.1695366997037855,0.0,1.0,1.0,0.0,0.0,0.0,0.0,0.0,0.0,1.0,0
-1.513603782967463,2.0825527956630614,0.03000403708110462,-1.1695366997037855,1.0,0.0,0.0,0.0,1.0,0.0,0.0,0.0,0.0,1.0,1
0.857516972099437,-0.19150466201164612,0.6694004134991265,-1.1695366997037855,0.0,1.0,0.0,0.0,1.0,0.0,0.0,0.0,0.0,1.0,0
0.857516972099437,-0.828168560100856,-0.6093923393369173,0.8550394359178938,1.0,0.0,0.0,0.0,1.0,0.0,0.0,0.0,0.0,1.0,0
-1.513603782967463,0.11222795652218755,-0.6093923393369173,0.8550394359178938,0.0,1.0,0.0,0.0,1.0,0.0,0.0,0.0,0.0,1.0,1
0.857516972099437,-0.5973216876045689,0.03000403708110462,-1.1695366997037855,1.0,0.0,0.0,0.0,1.0,0.0,0.0,0.0,0.0,1.0,1
-1.513603782967463,2.0825527956630614,0.03000403708110462,-1.1695366997037855,0.0,1.0,0.0,0.0,1.0,1.0,0.0,0.0,0.0,0.0,0
0.857516972099437,-0.49733946315010386,-0.6093923393369173,0.8550394359178938,0.0,1.0,1.0,0.0,0.0,0.0,0.0,0.0,0.0,1.0,0
-0.328043405434013,0.739858014737329,0.6694004134991265,-1.1695366997037855,0.0,1.0,0.0,0.0,1.0,1.0,0.0,0.0,0.0,0.0,0
-0.328043405434013,-0.5708553598485087,-0.6093923393369173,0.8550394359178938,1.0,0.0,0.0,0.0,1.0,0.0,0.0,0.0,0.0,1.0,1
-1.513603782967463,2.0825527956630614,-0.6093923393369173,0.8550394359178938,1.0,0.0,0.0,0.0,1.0,0.0,0.0,0.0,0.0,1.0,1
-1.513603782967463,-0.9741517827979972,-0.6093923393369173,0.8550394359178938,0.0,1.0,0.0,0.0,1.0,0.0,0.0,0.0,0.0,1.0,0
0.857516972099437,-0.4952372805454796,-0.6093923393369173,0.8550394359178938,0.0,1.0,0.0,0.0,1.0,0.0,0.0,0.0,0.0,1.0,0
0.857516972099437,-0.05413181794447651,0.6694004134991265,-1.1695366997037855,0.0,1.0,0.0,1.0,0.0,0.0,0.0,0.0,0.0,1.0,1
0.857516972099437,-0.49733946315010386,0.03000403708110462,-1.1695366997037855,1.0,0.0,1.0,0.0,0.0,0.0,0.0,0.0,0.0,1.0,0
-1.513603782967463,2.0825527956630614,0.03000403708110462,-1.1695366997037855,1.0,0.0,1.0,0.0,0.0,1.0,0.0,0.0,0.0,0.0,1
0.857516972099437,-1.2262120471414275,-0.6093923393369173,0.8550394359178938,0.0,1.0,0.0,0.0,1.0,0.0,0.0,0.0,0.0,1.0,0
-0.328043405434013,2.0825527956630614,-0.6093923393369173,0.8550394359178938,0.0,1.0,0.0,0.0,1.0,0.0,0.0,0.0,0.0,1.0,0
-1.513603782967463,2.0825527956630614,1.3087967899171484,-1.1695366997037855,0.0,1.0,0.0,0.0,1.0,0.0,1.0,0.0,0.0,0.0,1
0.857516972099437,0.3504249063267291,3.226985919171214,-1.1695366997037855,1.0,0.0,0.0,0.0,1.0,0.0,1.0,0.0,0.0,0.0,0
-1.513603782967463,1.5687178643884045,0.03000403708110462,-1.1695366997037855,0.0,1.0,1.0,0.0,0.0,0.0,0.0,0.0,0.0,1.0,1
0.857516972099437,-0.7548593528192129,0.03000403708110462,-1.1695366997037855,1.0,0.0,0.0,0.0,1.0,0.0,0.0,0.0,1.0,0.0,1
0.857516972099437,-0.828168560100856,-0.6093923393369173,0.8550394359178938,0.0,1.0,0.0,0.0,1.0,0.0,0.0,0.0,0.0,1.0,0
0.857516972099437,-0.8266965281570905,3.226985919171214,-1.1695366997037855,1.0,0.0,0.0,0.0,1.0,0.0,0.0,0.0,1.0,0.0,1
0.857516972099437,-0.8203950215485047,-0.6093923393369173,0.8550394359178938,0.0,1.0,0.0,0.0,1.0,0.0,0.0,0.0,0.0,1.0,1
0.857516972099437,-0.828168560100856,-0.6093923393369173,0.8550394359178938,0.0,1.0,1.0,0.0,0.0,0.0,0.0,0.0,0.0,1.0,0
0.857516972099437,-0.8342583360873935,-0.6093923393369173,0.8550394359178938,0.0,1.0,0.0,0.0,1.0,0.0,0.0,0.0,1.0,0.0,0
0.857516972099437,-0.49733946315010386,-0.6093923393369173,0.8550394359178938,1.0,0.0,1.0,0.0,0.0,0.0,0.0,0.0,1.0,0.0,0
0.857516972099437,-0.8355186374091106,-0.6093923393369173,0.8550394359178938,0.0,1.0,0.0,1.0,0.0,0.0,0.0,0.0,0.0,1.0,0
0.857516972099437,-0.8617732345431223,-0.6093923393369173,0.8550394359178938,1.0,0.0,1.0,0.0,0.0,0.0,0.0,0.0,1.0,0.0,1
-1.513603782967463,1.3952147020302479,-0.6093923393369173,0.8550394359178938,0.0,1.0,0.0,0.0,1.0,0.0,0.0,0.0,0.0,1.0,0
-1.513603782967463,2.0825527956630614,0.6694004134991265,-1.1695366997037855,1.0,0.0,1.0,0.0,0.0,1.0,0.0,0.0,0.0,0.0,1
0.857516972099437,-0.8617732345431223,-0.6093923393369173,0.8550394359178938,0.0,1.0,1.0,0.0,0.0,0.0,0.0,0.0,0.0,1.0,0
0.857516972099437,-0.8203950215485047,-0.6093923393369173,0.8550394359178938,0.0,1.0,0.0,0.0,1.0,1.0,0.0,0.0,0.0,0.0,0
-1.513603782967463,2.0825527956630614,0.6694004134991265,-1.1695366997037855,0.0,1.0,0.0,1.0,0.0,1.0,0.0,0.0,0.0,0.0,0
-1.513603782967463,1.3952147020302479,0.03000403708110462,-1.1695366997037855,0.0,1.0,0.0,0.0,1.0,1.0,0.0,0.0,0.0,0.0,1
0.857516972099437,-0.8266965281570905,-0.6093923393369173,0.8550394359178938,1.0,0.0,0.0,0.0,1.0,0.0,0.0,0.0,0.0,1.0,0
-1.513603782967463,2.0825527956630614,0.6694004134991265,-1.1695366997037855,1.0,0.0,0.0,0.0,1.0,1.0,0.0,0.0,0.0,0.0,1
-1.513603782967463,2.0825527956630614,-0.6093923393369173,0.8550394359178938,1.0,0.0,1.0,0.0,0.0,0.0,0.0,0.0,0.0,1.0,1
0.857516972099437,-0.8046412550270403,-0.6093923393369173,0.8550394359178938,0.0,1.0,0.0,0.0,1.0,0.0,0.0,0.0,0.0,1.0,0
-0.328043405434013,0.09710434066158169,0.6694004134991265,-1.1695366997037855,1.0,0.0,0.0,0.0,1.0,1.0,0.0,0.0,0.0,0.0,1
-1.513603782967463,2.0825527956630614,-0.6093923393369173,0.8550394359178938,0.0,1.0,1.0,0.0,0.0,0.0,0.0,0.0,0.0,1.0,0
-1.513603782967463,0.21053145961612535,-0.6093923393369173,0.8550394359178938,0.0,1.0,0.0,0.0,1.0,1.0,0.0,0.0,0.0,0.0,0
-0.328043405434013,0.08450132744441018,-0.6093923393369173,0.8550394359178938,0.0,1.0,0.0,0.0,1.0,1.0,0.0,0.0,0.0,0.0,0
-1.513603782967463,0.3212262453051861,-0.6093923393369173,0.8550394359178938,0.0,1.0,1.0,0.0,0.0,0.0,0.0,0.0,0.0,1.0,0
0.857516972099437,-0.25536160938041075,1.3087967899171484,-1.1695366997037855,1.0,0.0,1.0,0.0,0.0,0.0,1.0,0.0,0.0,0.0,1
0.857516972099437,-0.8332097653877247,-0.6093923393369173,0.8550394359178938,0.0,1.0,0.0,0.0,1.0,0.0,0.0,0.0,1.0,0.0,0
-1.513603782967463,0.2710259230585486,0.03000403708110462,-1.1695366997037855,0.0,1.0,1.0,0.0,0.0,1.0,0.0,0.0,0.0,0.0,0
0.857516972099437,0.35609626227445634,3.226985919171214,-1.1695366997037855,0.0,1.0,0.0,0.0,1.0,0.0,1.0,0.0,0.0,0.0,0
-1.513603782967463,2.0825527956630614,0.03000403708110462,-1.1695366997037855,0.0,1.0,1.0,0.0,0.0,1.0,0.0,0.0,0.0,0.0,1
0.857516972099437,-0.8708070744171907,-0.6093923393369173,0.8550394359178938,0.0,1.0,0.0,0.0,1.0,0.0,0.0,0.0,0.0,1.0,0
-0.328043405434013,-0.5708553598485087,-0.6093923393369173,0.8550394359178938,0.0,1.0,0.0,0.0,1.0,1.0,0.0,0.0,0.0,0.0,0
-0.328043405434013,-0.16755893689902016,1.3087967899171484,-1.1695366997037855,1.0,0.0,0.0,0.0,1.0,0.0,0.0,0.0,0.0,1.0,1
-1.513603782967463,0.104035997931026,-0.6093923393369173,0.8550394359178938,0.0,1.0,0.0,0.0,1.0,1.0,0.0,0.0,0.0,0.0,1
0.857516972099437,-0.6594948724075195,0.03000403708110462,-1.1695366997037855,1.0,0.0,1.0,0.0,0.0,0.0,0.0,0.0,1.0,0.0,1
-0.328043405434013,-0.5708553598485087,-0.6093923393369173,0.8550394359178938,1.0,0.0,0.0,0.0,1.0,1.0,0.0,0.0,0.0,0.0,0
0.857516972099437,0.3504249063267291,3.226985919171214,-1.1695366997037855,0.0,1.0,0.0,0.0,1.0,1.0,0.0,0.0,0.0,0.0,0
0.857516972099437,-0.8203950215485047,-0.6093923393369173,0.8550394359178938,0.0,1.0,0.0,0.0,1.0,0.0,0.0,0.0,1.0,0.0,1
0.857516972099437,-0.8203950215485047,-0.6093923393369173,0.8550394359178938,0.0,1.0,0.0,0.0,1.0,1.0,0.0,0.0,0.0,0.0,1
0.857516972099437,-0.4271810091727534,0.03000403708110462,-1.1695366997037855,0.0,1.0,0.0,0.0,1.0,0.0,0.0,0.0,0.0,1.0,0
0.857516972099437,-0.00876097036265912,0.6694004134991265,-1.1695366997037855,0.0,1.0,0.0,0.0,1.0,0.0,0.0,0.0,0.0,1.0,0
0.857516972099437,-0.828168560100856,-0.6093923393369173,0.8550394359178938,0.0,1.0,0.0,0.0,1.0,0.0,0.0,0.0,0.0,1.0,0
-1.513603782967463,2.0825527956630614,0.6694004134991265,-1.1695366997037855,0.0,1.0,0.0,0.0,1.0,0.0,1.0,0.0,0.0,0.0,1
0.857516972099437,-0.4576399715160136,0.6694004134991265,-1.1695366997037855,0.0,1.0,1.0,0.0,0.0,0.0,0.0,0.0,0.0,1.0,1
0.857516972099437,-0.6987759440027996,0.6694004134991265,-1.1695366997037855,1.0,0.0,0.0,0.0,1.0,0.0,0.0,0.0,0.0,1.0,0
0.857516972099437,-0.8607246638434536,-0.6093923393369173,0.8550394359178938,0.0,1.0,0.0,0.0,1.0,0.0,0.0,0.0,0.0,1.0,0
0.857516972099437,-0.4975461525668654,0.03000403708110462,-1.1695366997037855,1.0,0.0,1.0,0.0,0.0,0.0,0.0,0.0,0.0,1.0,0
0.857516972099437,-0.7998117803622202,-0.6093923393369173,0.8550394359178938,0.0,1.0,0.0,1.0,0.0,0.0,0.0,0.0,0.0,1.0,0
-1.513603782967463,0.22124402085072106,-0.6093923393369173,0.8550394359178938,1.0,0.0,1.0,0.0,0.0,1.0,0.0,0.0,0.0,0.0,0
0.857516972099437,-0.8355186374091106,-0.6093923393369173,0.8550394359178938,0.0,1.0,0.0,1.0,0.0,0.0,0.0,1.0,0.0,0.0,0
-1.513603782967463,2.0825527956630614,1.3087967899171484,-1.1695366997037855,0.0,1.0,0.0,0.0,1.0,1.0,0.0,0.0,0.0,0.0,1
-1.513603782967463,0.31135556535349745,-0.6093923393369173,0.8550394359178938,0.0,1.0,0.0,0.0,1.0,0.0,0.0,0.0,0.0,1.0,1
-1.513603782967463,0.5634158296969278,-0.6093923393369173,0.8550394359178938,0.0,1.0,0.0,0.0,1.0,0.0,0.0,0.0,0.0,1.0,1
-0.328043405434013,-0.6464734391515378,-0.6093923393369173,0.8550394359178938,0.0,1.0,0.0,0.0,1.0,0.0,0.0,0.0,1.0,0.0,0
-0.328043405434013,-0.5708553598485087,-0.6093923393369173,0.8550394359178938,0.0,1.0,0.0,0.0,1.0,0.0,0.0,0.0,0.0,1.0,0
0.857516972099437,-0.8617732345431223,-0.6093923393369173,0.8550394359178938,0.0,1.0,1.0,0.0,0.0,0.0,0.0,0.0,0.0,1.0,1
-0.328043405434013,-0.4952372805454796,0.6694004134991265,-1.1695366997037855,1.0,0.0,0.0,0.0,1.0,0.0,0.0,0.0,0.0,1.0,1
0.857516972099437,-0.7968677164746889,0.03000403708110462,-1.1695366997037855,0.0,1.0,1.0,0.0,0.0,0.0,1.0,0.0,0.0,0.0,1
-0.328043405434013,0.1727224199646108,1.3087967899171484,-1.1695366997037855,1.0,0.0,0.0,0.0,1.0,0.0,0.0,0.0,0.0,1.0,1
-1.513603782967463,1.3952147020302479,0.03000403708110462,-1.1695366997037855,0.0,1.0,0.0,0.0,1.0,1.0,0.0,0.0,0.0,0.0,0
0.857516972099437,-0.6987759440027996,0.03000403708110462,-1.1695366997037855,1.0,0.0,0.0,0.0,1.0,0.0,1.0,0.0,0.0,0.0,0
-1.513603782967463,2.0825527956630614,0.03000403708110462,-1.1695366997037855,1.0,0.0,0.0,0.0,1.0,0.0,0.0,0.0,1.0,0.0,1
-1.513603782967463,2.0825527956630614,-0.6093923393369173,0.8550394359178938,1.0,0.0,1.0,0.0,0.0,1.0,0.0,0.0,0.0,0.0,1
-0.328043405434013,-0.6212674127171948,-0.6093923393369173,0.8550394359178938,1.0,0.0,1.0,0.0,0.0,0.0,0.0,0.0,1.0,0.0,1
-0.328043405434013,0.08450132744441018,-0.6093923393369173,0.8550394359178938,0.0,1.0,0.0,0.0,1.0,0.0,0.0,0.0,0.0,1.0,0
0.857516972099437,-0.8266965281570905,-0.6093923393369173,0.8550394359178938,0.0,1.0,0.0,0.0,1.0,0.0,0.0,0.0,0.0,1.0,1
-0.328043405434013,0.08450132744441018,0.03000403708110462,-1.1695366997037855,0.0,1.0,0.0,0.0,1.0,1.0,0.0,0.0,0.0,0.0,0
0.857516972099437,-0.8367789387308276,-0.6093923393369173,0.8550394359178938,0.0,1.0,0.0,1.0,0.0,0.0,0.0,0.0,0.0,1.0,0
0.857516972099437,-0.8290054001784762,-0.6093923393369173,0.8550394359178938,1.0,0.0,0.0,1.0,0.0,0.0,0.0,0.0,0.0,1.0,1
-1.513603782967463,2.0825527956630614,-0.6093923393369173,0.8550394359178938,1.0,0.0,0.0,0.0,1.0,0.0,0.0,0.0,0.0,1.0,1
0.857516972099437,-0.8859306902777966,-0.6093923393369173,0.8550394359178938,0.0,1.0,0.0,1.0,0.0,0.0,0.0,0.0,0.0,1.0,0
0.857516972099437,-0.8363605186920177,-0.6093923393369173,0.8550394359178938,1.0,0.0,0.0,1.0,0.0,0.0,0.0,0.0,1.0,0.0,1
0.857516972099437,-0.7884690684667659,-0.6093923393369173,0.8550394359178938,1.0,0.0,0.0,0.0,1.0,0.0,0.0,0.0,0.0,1.0,1
0.857516972099437,-0.828168560100856,-0.6093923393369173,0.8550394359178938,0.0,1.0,0.0,0.0,1.0,0.0,0.0,0.0,0.0,1.0,0
0.857516972099437,-0.8361487880699691,-0.6093923393369173,0.8550394359178938,0.0,1.0,0.0,1.0,0.0,0.0,0.0,0.0,0.0,1.0,0
-0.328043405434013,0.08450132744441018,0.03000403708110462,-1.1695366997037855,1.0,0.0,0.0,0.0,1.0,1.0,0.0,0.0,0.0,0.0,1
-0.328043405434013,0.4121796710908696,0.6694004134991265,-1.1695366997037855,1.0,0.0,0.0,0.0,1.0,0.0,0.0,0.0,0.0,1.0,1
-0.328043405434013,-0.6968854920202239,-0.6093923393369173,0.8550394359178938,0.0,1.0,0.0,0.0,1.0,0.0,0.0,0.0,0.0,1.0,0
-0.328043405434013,-0.6968854920202239,-0.6093923393369173,0.8550394359178938,1.0,0.0,0.0,0.0,1.0,0.0,0.0,0.0,0.0,1.0,1
0.857516972099437,-0.8010720816839374,-0.6093923393369173,0.8550394359178938,0.0,1.0,0.0,0.0,1.0,0.0,0.0,0.0,0.0,1.0,0
0.857516972099437,-0.8456010479828477,-0.6093923393369173,0.8550394359178938,0.0,1.0,0.0,0.0,1.0,1.0,0.0,0.0,0.0,0.0,0
0.857516972099437,-0.25536160938041075,1.3087967899171484,-1.1695366997037855,1.0,0.0,1.0,0.0,0.0,0.0,1.0,0.0,0.0,0.0,1
-1.513603782967463,2.0825527956630614,0.03000403708110462,-1.1695366997037855,0.0,1.0,0.0,0.0,1.0,0.0,0.0,0.0,0.0,1.0,0
-1.513603782967463,0.08093215410130729,-0.6093923393369173,0.8550394359178938,1.0,0.0,0.0,0.0,1.0,1.0,0.0,0.0,0.0,0.0,1
0.857516972099437,-0.044049407370739334,1.3087967899171484,-1.1695366997037855,0.0,1.0,0.0,0.0,1.0,0.0,0.0,0.0,0.0,1.0,0
0.857516972099437,0.24203899265905413,2.587589542753192,-1.1695366997037855,0.0,1.0,0.0,1.0,0.0,0.0,1.0,0.0,0.0,0.0,0
0.857516972099437,-0.8363605186920177,-0.6093923393369173,0.8550394359178938,0.0,1.0,0.0,1.0,0.0,0.0,0.0,0.0,0.0,1.0,0
0.857516972099437,-0.4145779959555818,-0.6093923393369173,0.8550394359178938,0.0,1.0,0.0,0.0,1.0,0.0,0.0,0.0,0.0,1.0,0
-1.513603782967463,2.0825527956630614,0.03000403708110462,-1.1695366997037855,0.0,1.0,1.0,0.0,0.0,1.0,0.0,0.0,0.0,0.0,1
0.857516972099437,-0.8290054001784762,-0.6093923393369173,0.8550394359178938,1.0,0.0,0.0,1.0,0.0,0.0,0.0,0.0,0.0,1.0,1
-0.328043405434013,-0.6036231942131547,-0.6093923393369173,0.8550394359178938,0.0,1.0,0.0,1.0,0.0,1.0,0.0,0.0,0.0,0.0,0
-0.328043405434013,0.23573748605046838,0.6694004134991265,-1.1695366997037855,1.0,0.0,0.0,0.0,1.0,0.0,0.0,0.0,0.0,1.0,1
0.857516972099437,-0.7611608594277987,-0.6093923393369173,0.8550394359178938,0.0,1.0,0.0,0.0,1.0,0.0,0.0,0.0,0.0,1.0,0
-1.513603782967463,0.1712503880208452,-0.6093923393369173,0.8550394359178938,0.0,1.0,1.0,0.0,0.0,1.0,0.0,0.0,0.0,0.0,0
-1.513603782967463,0.7600228358848035,0.03000403708110462,-1.1695366997037855,1.0,0.0,0.0,0.0,1.0,0.0,0.0,0.0,1.0,0.0,1
0.857516972099437,-0.8355186374091106,-0.6093923393369173,0.8550394359178938,1.0,0.0,0.0,1.0,0.0,0.0,0.0,0.0,0.0,1.0,1
-0.328043405434013,-0.5204433069798227,-0.6093923393369173,0.8550394359178938,0.0,1.0,0.0,0.0,1.0,1.0,0.0,0.0,0.0,0.0,0
-1.513603782967463,0.5634158296969278,-0.6093923393369173,0.8550394359178938,0.0,1.0,0.0,0.0,1.0,0.0,0.0,0.0,0.0,1.0,1
-1.513603782967463,1.294390596292876,-0.6093923393369173,0.8550394359178938,0.0,1.0,0.0,0.0,1.0,0.0,0.0,0.0,0.0,1.0,0
-1.513603782967463,2.0825527956630614,0.03000403708110462,-1.1695366997037855,0.0,1.0,1.0,0.0,0.0,1.0,0.0,0.0,0.0,0.0,1
-1.513603782967463,0.31135556535349745,-0.6093923393369173,0.8550394359178938,0.0,1.0,0.0,0.0,1.0,1.0,0.0,0.0,0.0,0.0,0
0.857516972099437,0.3504249063267291,3.226985919171214,-1.1695366997037855,1.0,0.0,0.0,0.0,1.0,1.0,0.0,0.0,0.0,0.0,0
-1.513603782967463,1.4506679601858026,0.03000403708110462,-1.1695366997037855,0.0,1.0,0.0,0.0,1.0,0.0,0.0,0.0,0.0,1.0,1
0.857516972099437,-0.7895176391664346,-0.6093923393369173,0.8550394359178938,1.0,0.0,0.0,0.0,1.0,0.0,0.0,0.0,0.0,1.0,0
-1.513603782967463,2.0825527956630614,0.03000403708110462,-1.1695366997037855,1.0,0.0,1.0,0.0,0.0,1.0,0.0,0.0,0.0,0.0,1
-0.328043405434013,0.23573748605046838,0.6694004134991265,-1.1695366997037855,0.0,1.0,0.0,0.0,1.0,0.0,1.0,0.0,0.0,0.0,1
0.857516972099437,-0.8077920083313331,-0.6093923393369173,0.8550394359178938,0.0,1.0,0.0,0.0,1.0,0.0,0.0,0.0,1.0,0.0,0
0.857516972099437,0.18028422789491363,2.587589542753192,-1.1695366997037855,0.0,1.0,0.0,0.0,1.0,0.0,1.0,0.0,0.0,0.0,0
0.857516972099437,-0.9010543061384024,-0.6093923393369173,0.8550394359178938,0.0,1.0,0.0,0.0,1.0,1.0,0.0,0.0,0.0,0.0,0
0.857516972099437,-0.8342583360873935,-0.6093923393369173,0.8550394359178938,1.0,0.0,0.0,0.0,1.0,0.0,0.0,0.0,0.0,1.0,1
-1.513603782967463,2.0825527956630614,0.03000403708110462,-1.1695366997037855,0.0,1.0,1.0,0.0,0.0,0.0,0.0,0.0,0.0,1.0,0
-0.328043405434013,-0.6968854920202239,-0.6093923393369173,0.8550394359178938,0.0,1.0,0.0,0.0,1.0,0.0,0.0,0.0,0.0,1.0,0
0.857516972099437,-0.4145779959555818,0.03000403708110462,-1.1695366997037855,0.0,1.0,0.0,0.0,1.0,0.0,0.0,0.0,0.0,1.0,0
0.857516972099437,-0.8332097653877247,-0.6093923393369173,0.8550394359178938,0.0,1.0,0.0,0.0,1.0,0.0,0.0,0.0,0.0,1.0,0
-1.513603782967463,0.08093215410130729,-0.6093923393369173,0.8550394359178938,1.0,0.0,0.0,0.0,1.0,1.0,0.0,0.0,0.0,0.0,1
0.857516972099437,-0.19150466201164612,0.6694004134991265,-1.1695366997037855,1.0,0.0,0.0,0.0,1.0,0.0,0.0,0.0,0.0,1.0,1
0.857516972099437,1.621857209317287,-0.6093923393369173,0.8550394359178938,0.0,1.0,0.0,0.0,1.0,0.0,0.0,0.0,0.0,1.0,1
0.857516972099437,-0.8203950215485047,-0.6093923393369173,0.8550394359178938,0.0,1.0,0.0,0.0,1.0,0.0,0.0,0.0,0.0,1.0,0
0.857516972099437,0.506702270219656,1.9481931663351704,-1.1695366997037855,0.0,1.0,0.0,0.0,1.0,0.0,0.0,0.0,1.0,0.0,0
-0.328043405434013,0.08450132744441018,-0.6093923393369173,0.8550394359178938,0.0,1.0,0.0,0.0,1.0,0.0,0.0,0.0,1.0,0.0,0
-1.513603782967463,0.11222795652218755,-0.6093923393369173,0.8550394359178938,0.0,1.0,0.0,0.0,1.0,0.0,0.0,0.0,0.0,1.0,0
-0.328043405434013,-0.5708553598485087,-0.6093923393369173,0.8550394359178938,1.0,0.0,0.0,0.0,1.0,1.0,0.0,0.0,0.0,0.0,1
0.857516972099437,-0.8483333812483306,-0.6093923393369173,0.8550394359178938,0.0,1.0,0.0,0.0,1.0,1.0,0.0,0.0,0.0,0.0,0
0.857516972099437,-0.8266965281570905,-0.6093923393369173,0.8550394359178938,0.0,1.0,0.0,0.0,1.0,0.0,0.0,0.0,0.0,1.0,1
0.857516972099437,-0.7895176391664346,0.6694004134991265,-1.1695366997037855,0.0,1.0,0.0,0.0,1.0,0.0,0.0,0.0,0.0,1.0,0
0.857516972099437,-0.09908424548748389,0.6694004134991265,-1.1695366997037855,1.0,0.0,1.0,0.0,0.0,0.0,0.0,0.0,0.0,1.0,1
0.857516972099437,-0.8359370574479206,-0.6093923393369173,0.8550394359178938,0.0,1.0,0.0,1.0,0.0,0.0,0.0,0.0,0.0,1.0,0
0.857516972099437,-0.8342583360873935,-0.6093923393369173,0.8550394359178938,0.0,1.0,0.0,0.0,1.0,0.0,0.0,0.0,0.0,1.0,0
0.857516972099437,-0.8617732345431223,0.6694004134991265,-1.1695366997037855,0.0,1.0,1.0,0.0,0.0,0.0,0.0,0.0,1.0,0.0,0
-1.513603782967463,1.3952147020302479,0.03000403708110462,-1.1695366997037855,0.0,1.0,0.0,0.0,1.0,0.0,0.0,0.0,0.0,1.0,0
0.857516972099437,-0.8302657015001935,-0.6093923393369173,0.8550394359178938,0.0,1.0,0.0,0.0,1.0,0.0,0.0,0.0,0.0,1.0,0
-0.328043405434013,-0.5708553598485087,-0.6093923393369173,0.8550394359178938,1.0,0.0,0.0,0.0,1.0,0.0,0.0,0.0,0.0,1.0,1
-1.513603782967463,0.48884632109356746,-0.6093923393369173,0.8550394359178938,0.0,1.0,0.0,0.0,1.0,1.0,0.0,0.0,0.0,0.0,0
0.857516972099437,0.24203899265905413,2.587589542753192,-1.1695366997037855,0.0,1.0,0.0,1.0,0.0,0.0,1.0,0.0,0.0,0.0,0
-1.513603782967463,0.2710259230585486,-0.6093923393369173,0.8550394359178938,0.0,1.0,1.0,0.0,0.0,1.0,0.0,0.0,0.0,0.0,0
0.857516972099437,-0.8342583360873935,-0.6093923393369173,0.8550394359178938,0.0,1.0,0.0,0.0,1.0,0.0,0.0,0.0,0.0,1.0,0
0.857516972099437,-0.32887750607881555,0.03000403708110462,-1.1695366997037855,0.0,1.0,0.0,0.0,1.0,0.0,0.0,0.0,0.0,1.0,0
0.857516972099437,-0.8292171308005248,-0.6093923393369173,0.8550394359178938,0.0,1.0,0.0,0.0,1.0,0.0,0.0,0.0,0.0,1.0,0
0.857516972099437,-0.4145779959555818,0.03000403708110462,-1.1695366997037855,1.0,0.0,0.0,0.0,1.0,0.0,0.0,0.0,0.0,1.0,0
0.857516972099437,-0.74729754488891,-0.6093923393369173,0.8550394359178938,0.0,1.0,0.0,0.0,1.0,0.0,0.0,0.0,0.0,1.0,0
0.857516972099437,-0.8342583360873935,-0.6093923393369173,0.8550394359178938,0.0,1.0,0.0,0.0,1.0,0.0,0.0,0.0,0.0,1.0,1
0.857516972099437,-0.16377803293386875,1.9481931663351704,-1.1695366997037855,1.0,0.0,0.0,0.0,1.0,0.0,1.0,0.0,0.0,0.0,0
0.857516972099437,-0.8705953437951423,0.03000403708110462,-1.1695366997037855,0.0,1.0,0.0,0.0,1.0,0.0,0.0,0.0,1.0,0.0,0
-1.513603782967463,2.0825527956630614,0.03000403708110462,-1.1695366997037855,0.0,1.0,0.0,0.0,1.0,1.0,0.0,0.0,0.0,0.0,0
-0.328043405434013,0.08450132744441018,0.6694004134991265,-1.1695366997037855,1.0,0.0,0.0,0.0,1.0,0.0,1.0,0.0,0.0,0.0,1
0.857516972099437,-0.1333190705906085,0.6694004134991265,-1.1695366997037855,0.0,1.0,1.0,0.0,0.0,0.0,0.0,0.0,0.0,1.0,0
-0.328043405434013,0.08450132744441018,0.03000403708110462,-1.1695366997037855,1.0,0.0,0.0,0.0,1.0,0.0,0.0,0.0,0.0,1.0,1
-0.328043405434013,-0.5456493334141657,-0.6093923393369173,0.8550394359178938,0.0,1.0,0.0,0.0,1.0,1.0,0.0,0.0,0.0,0.0,0
0.857516972099437,-0.6960436107373168,-0.6093923393369173,0.8550394359178938,1.0,0.0,0.0,0.0,1.0,0.0,0.0,0.0,0.0,1.0,0
0.857516972099437,-0.828168560100856,-0.6093923393369173,0.8550394359178938,0.0,1.0,0.0,0.0,1.0,1.0,0.0,0.0,0.0,0.0,0
-0.328043405434013,2.0825527956630614,0.6694004134991265,-1.1695366997037855,0.0,1.0,0.0,0.0,1.0,0.0,0.0,0.0,0.0,1.0,0
0.857516972099437,-0.8342583360873935,-0.6093923393369173,0.8550394359178938,0.0,1.0,0.0,0.0,1.0,0.0,0.0,1.0,0.0,0.0,0
0.857516972099437,-0.8355186374091106,-0.6093923393369173,0.8550394359178938,0.0,1.0,0.0,1.0,0.0,0.0,0.0,0.0,0.0,1.0,1
0.857516972099437,-0.8607246638434536,-0.6093923393369173,0.8550394359178938,0.0,1.0,0.0,0.0,1.0,0.0,0.0,0.0,0.0,1.0,0
0.857516972099437,-0.8355186374091106,-0.6093923393369173,0.8550394359178938,0.0,1.0,0.0,0.0,1.0,1.0,0.0,0.0,0.0,0.0,0
-1.513603782967463,1.3952147020302479,0.03000403708110462,-1.1695366997037855,1.0,0.0,0.0,0.0,1.0,0.0,0.0,0.0,0.0,1.0,1
-1.513603782967463,-1.2262120471414275,-0.6093923393369173,0.8550394359178938,0.0,1.0,0.0,0.0,1.0,1.0,0.0,0.0,0.0,0.0,0
0.857516972099437,-0.8456010479828477,-0.6093923393369173,0.8550394359178938,1.0,0.0,0.0,0.0,1.0,0.0,0.0,0.0,0.0,1.0,0
-1.513603782967463,2.0825527956630614,0.03000403708110462,-1.1695366997037855,1.0,0.0,0.0,0.0,1.0,0.0,0.0,0.0,0.0,1.0,1
0.857516972099437,0.05761657964953987,1.9481931663351704,-1.1695366997037855,0.0,1.0,0.0,0.0,1.0,0.0,0.0,0.0,0.0,1.0,0
0.857516972099437,-0.8405598426959793,-0.6093923393369173,0.8550394359178938,0.0,1.0,0.0,0.0,1.0,0.0,0.0,0.0,0.0,1.0,0
-0.328043405434013,-0.5708553598485087,0.6694004134991265,-1.1695366997037855,1.0,0.0,0.0,0.0,1.0,0.0,0.0,0.0,1.0,0.0,1
0.857516972099437,-0.8342583360873935,0.03000403708110462,-1.1695366997037855,0.0,1.0,0.0,0.0,1.0,0.0,0.0,0.0,0.0,1.0,0
-1.513603782967463,1.5918217082181234,0.03000403708110462,-1.1695366997037855,1.0,0.0,0.0,0.0,1.0,1.0,0.0,0.0,0.0,0.0,1
0.857516972099437,-0.8302657015001935,-0.6093923393369173,0.8550394359178938,0.0,1.0,0.0,0.0,1.0,0.0,0.0,0.0,0.0,1.0,1
-1.513603782967463,1.4231530617300738,0.6694004134991265,-1.1695366997037855,0.0,1.0,0.0,0.0,1.0,1.0,0.0,0.0,0.0,0.0,1
-1.513603782967463,0.31135556535349745,-0.6093923393369173,0.8550394359178938,0.0,1.0,0.0,0.0,1.0,1.0,0.0,0.0,0.0,0.0,1
0.857516972099437,-0.8483333812483306,-0.6093923393369173,0.8550394359178938,0.0,1.0,0.0,0.0,1.0,0.0,0.0,0.0,0.0,1.0,0
-1.513603782967463,-1.2262120471414275,-0.6093923393369173,0.8550394359178938,0.0,1.0,0.0,0.0,1.0,1.0,0.0,0.0,0.0,0.0,0
-0.328043405434013,-0.6464734391515378,1.3087967899171484,-1.1695366997037855,0.0,1.0,0.0,0.0,1.0,0.0,0.0,0.0,0.0,1.0,0
0.857516972099437,-0.4975461525668654,0.03000403708110462,-1.1695366997037855,1.0,0.0,1.0,0.0,0.0,0.0,0.0,0.0,1.0,0.0,1
-1.513603782967463,0.08450132744441018,-0.6093923393369173,0.8550394359178938,0.0,1.0,0.0,0.0,1.0,0.0,0.0,1.0,0.0,0.0,0
0.857516972099437,-0.8266965281570905,-0.6093923393369173,0.8550394359178938,0.0,1.0,0.0,0.0,1.0,0.0,0.0,0.0,0.0,1.0,0
-1.513603782967463,1.4231530617300738,0.03000403708110462,-1.1695366997037855,0.0,1.0,0.0,0.0,1.0,1.0,0.0,0.0,0.0,0.0,1
0.857516972099437,-0.8670261704520393,-0.6093923393369173,0.8550394359178938,0.0,1.0,0.0,0.0,1.0,0.0,0.0,0.0,0.0,1.0,0
0.857516972099437,-0.8617732345431223,-0.6093923393369173,0.8550394359178938,0.0,1.0,1.0,0.0,0.0,0.0,0.0,0.0,0.0,1.0,0
-1.513603782967463,2.0825527956630614,1.9481931663351704,-1.1695366997037855,1.0,0.0,1.0,0.0,0.0,0.0,0.0,0.0,0.0,1.0,1
0.857516972099437,-0.74729754488891,-0.6093923393369173,0.8550394359178938,0.0,1.0,0.0,0.0,1.0,0.0,0.0,0.0,0.0,1.0,0
0.857516972099437,-0.8355186374091106,-0.6093923393369173,0.8550394359178938,0.0,1.0,0.0,1.0,0.0,0.0,0.0,1.0,0.0,0.0,0
0.857516972099437,-0.8987454341170167,0.03000403708110462,-1.1695366997037855,0.0,1.0,0.0,0.0,1.0,0.0,0.0,0.0,1.0,0.0,0
0.857516972099437,-0.8708070744171907,-0.6093923393369173,0.8550394359178938,0.0,1.0,0.0,0.0,1.0,1.0,0.0,0.0,0.0,0.0,0
-0.328043405434013,0.2897187122622573,0.03000403708110462,-1.1695366997037855,1.0,0.0,1.0,0.0,0.0,0.0,0.0,0.0,1.0,0.0,1
-1.513603782967463,0.11222795652218755,-0.6093923393369173,0.8550394359178938,0.0,1.0,0.0,0.0,1.0,0.0,0.0,1.0,0.0,0.0,0
0.857516972099437,-0.4326406344984321,0.6694004134991265,-1.1695366997037855,1.0,0.0,1.0,0.0,0.0,0.0,1.0,0.0,0.0,0.0,1
0.857516972099437,-0.05413181794447651,0.6694004134991265,-1.1695366997037855,1.0,0.0,0.0,1.0,0.0,0.0,0.0,0.0,0.0,1.0,1
0.857516972099437,-0.828168560100856,-0.6093923393369173,0.8550394359178938,0.0,1.0,0.0,0.0,1.0,0.0,0.0,0.0,0.0,1.0,0
-1.513603782967463,0.11222795652218755,-0.6093923393369173,0.8550394359178938,0.0,1.0,0.0,0.0,1.0,1.0,0.0,0.0,0.0,0.0,0
0.857516972099437,-0.901684456799261,-0.6093923393369173,0.8550394359178938,0.0,1.0,1.0,0.0,0.0,0.0,0.0,0.0,0.0,1.0,0
0.857516972099437,0.35609626227445634,3.226985919171214,-1.1695366997037855,1.0,0.0,0.0,0.0,1.0,0.0,1.0,0.0,0.0,0.0,1
0.857516972099437,-0.8607246638434536,-0.6093923393369173,0.8550394359178938,0.0,1.0,0.0,0.0,1.0,1.0,0.0,0.0,0.0,0.0,0
0.857516972099437,-0.4576399715160136,0.6694004134991265,-1.1695366997037855,1.0,0.0,1.0,0.0,0.0,0.0,0.0,0.0,0.0,1.0,1
-0.328043405434013,-0.16755893689902016,0.03000403708110462,-1.1695366997037855,0.0,1.0,0.0,0.0,1.0,0.0,0.0,0.0,0.0,1.0,0
0.857516972099437,-0.828168560100856,-0.6093923393369173,0.8550394359178938,0.0,1.0,0.0,0.0,1.0,0.0,0.0,0.0,0.0,1.0,0
-0.328043405434013,0.09710434066158169,0.6694004134991265,-1.1695366997037855,0.0,1.0,0.0,0.0,1.0,1.0,0.0,0.0,0.0,0.0,0
0.857516972099437,-0.44482522767679356,0.03000403708110462,-1.1695366997037855,1.0,0.0,0.0,1.0,0.0,0.0,0.0,0.0,0.0,1.0,1
0.857516972099437,-0.16377803293386875,1.9481931663351704,-1.1695366997037855,0.0,1.0,0.0,0.0,1.0,0.0,1.0,0.0,0.0,0.0,0
0.857516972099437,-0.11588658270861701,0.6694004134991265,-1.1695366997037855,1.0,0.0,0.0,0.0,1.0,0.0,1.0,0.0,0.0,0.0,1
-0.328043405434013,0.08450132744441018,-0.6093923393369173,0.8550394359178938,0.0,1.0,0.0,0.0,1.0,1.0,0.0,0.0,0.0,0.0,0
0.857516972099437,-0.00876097036265912,0.6694004134991265,-1.1695366997037855,1.0,0.0,0.0,0.0,1.0,0.0,0.0,0.0,0.0,1.0,0
0.857516972099437,-0.8302657015001935,-0.6093923393369173,0.8550394359178938,0.0,1.0,0.0,0.0,1.0,1.0,0.0,0.0,0.0,0.0,0
-1.513603782967463,0.28614953891915446,-0.6093923393369173,0.8550394359178938,0.0,1.0,1.0,0.0,0.0,0.0,0.0,0.0,0.0,1.0,1
-0.328043405434013,2.0505713893231667,1.3087967899171484,-1.1695366997037855,1.0,0.0,0.0,0.0,1.0,0.0,0.0,0.0,0.0,1.0,1
-0.328043405434013,-0.06673483116164802,0.03000403708110462,-1.1695366997037855,1.0,0.0,0.0,0.0,1.0,0.0,0.0,0.0,1.0,0.0,1
0.857516972099437,-0.8342583360873935,-0.6093923393369173,0.8550394359178938,0.0,1.0,0.0,0.0,1.0,0.0,0.0,0.0,0.0,1.0,0
-0.328043405434013,-0.5708553598485087,-0.6093923393369173,0.8550394359178938,0.0,1.0,0.0,0.0,1.0,1.0,0.0,0.0,0.0,0.0,1
-0.328043405434013,0.13491338031309624,0.03000403708110462,-1.1695366997037855,0.0,1.0,0.0,0.0,1.0,1.0,0.0,0.0,0.0,0.0,0
-0.328043405434013,-0.6968854920202239,-0.6093923393369173,0.8550394359178938,0.0,1.0,0.0,0.0,1.0,0.0,0.0,0.0,0.0,1.0,0
0.857516972099437,-1.2262120471414275,-0.6093923393369173,0.8550394359178938,0.0,1.0,0.0,0.0,1.0,0.0,0.0,0.0,0.0,1.0,1
-0.328043405434013,0.28614953891915446,0.6694004134991265,-1.1695366997037855,1.0,0.0,0.0,0.0,1.0,0.0,0.0,0.0,0.0,1.0,1
0.857516972099437,-0.814935396222826,-0.6093923393369173,0.8550394359178938,0.0,1.0,0.0,0.0,1.0,0.0,0.0,0.0,0.0,1.0,0
-0.328043405434013,-0.6968854920202239,-0.6093923393369173,0.8550394359178938,1.0,0.0,0.0,0.0,1.0,1.0,0.0,0.0,0.0,0.0,0
0.857516972099437,1.621857209317287,-0.6093923393369173,0.8550394359178938,0.0,1.0,0.0,0.0,1.0,0.0,0.0,0.0,0.0,1.0,1
0.857516972099437,-0.828168560100856,-0.6093923393369173,0.8550394359178938,0.0,1.0,0.0,0.0,1.0,0.0,0.0,0.0,0.0,1.0,0
0.857516972099437,-0.8619849651651706,-0.6093923393369173,0.8550394359178938,0.0,1.0,1.0,0.0,0.0,0.0,0.0,0.0,0.0,1.0,1
-0.328043405434013,-0.5708553598485087,-0.6093923393369173,0.8550394359178938,0.0,1.0,0.0,0.0,1.0,0.0,0.0,0.0,1.0,0.0,0
0.857516972099437,-0.18898405936821178,1.3087967899171484,-1.1695366997037855,0.0,1.0,0.0,0.0,1.0,0.0,1.0,0.0,0.0,0.0,1
-0.328043405434013,0.09710434066158169,0.6694004134991265,-1.1695366997037855,1.0,0.0,0.0,0.0,1.0,0.0,1.0,0.0,0.0,0.0,1
0.857516972099437,-0.828168560100856,-0.6093923393369173,0.8550394359178938,0.0,1.0,0.0,0.0,1.0,0.0,0.0,0.0,0.0,1.0,0
0.857516972099437,-0.8355186374091106,-0.6093923393369173,0.8550394359178938,1.0,0.0,0.0,1.0,0.0,0.0,0.0,0.0,0.0,1.0,1
0.857516972099437,-0.7895176391664346,-0.6093923393369173,0.8550394359178938,0.0,1.0,0.0,0.0,1.0,0.0,0.0,0.0,0.0,1.0,1
-1.513603782967463,0.7965715742146009,-0.6093923393369173,0.8550394359178938,0.0,1.0,1.0,0.0,0.0,1.0,0.0,0.0,0.0,0.0,0
0.857516972099437,1.138113232399949,3.8663822955892355,-1.1695366997037855,0.0,1.0,0.0,0.0,1.0,0.0,1.0,0.0,0.0,0.0,0
-0.328043405434013,-0.5708553598485087,-0.6093923393369173,0.8550394359178938,0.0,1.0,0.0,0.0,1.0,0.0,0.0,0.0,0.0,1.0,0
0.857516972099437,-0.74729754488891,-0.6093923393369173,0.8550394359178938,0.0,1.0,0.0,0.0,1.0,0.0,0.0,0.0,0.0,1.0,0
0.857516972099437,-0.8266965281570905,-0.6093923393369173,0.8550394359178938,0.0,1.0,0.0,0.0,1.0,1.0,0.0,0.0,0.0,0.0,0
0.857516972099437,-0.4952372805454796,-0.6093923393369173,0.8550394359178938,0.0,1.0,0.0,0.0,1.0,0.0,0.0,0.0,0.0,1.0,0
0.857516972099437,-0.8203950215485047,-0.6093923393369173,0.8550394359178938,0.0,1.0,0.0,0.0,1.0,0.0,0.0,0.0,0.0,1.0,0
0.857516972099437,-0.748139426171817,-0.6093923393369173,0.8550394359178938,0.0,1.0,0.0,0.0,1.0,0.0,0.0,0.0,0.0,1.0,0
0.857516972099437,-0.27909560387098803,-0.6093923393369173,0.8550394359178938,0.0,1.0,1.0,0.0,0.0,0.0,0.0,0.0,0.0,1.0,1
0.857516972099437,-0.4271810091727534,0.03000403708110462,-1.1695366997037855,1.0,0.0,0.0,0.0,1.0,0.0,0.0,0.0,0.0,1.0,1
-0.328043405434013,-0.016322778292961956,0.03000403708110462,-1.1695366997037855,1.0,0.0,1.0,0.0,0.0,0.0,0.0,0.0,0.0,1.0,1
0.857516972099437,-0.8361487880699691,-0.6093923393369173,0.8550394359178938,1.0,0.0,0.0,1.0,0.0,0.0,0.0,0.0,0.0,1.0,1
0.857516972099437,-0.8342583360873935,-0.6093923393369173,0.8550394359178938,0.0,1.0,0.0,0.0,1.0,0.0,0.0,0.0,0.0,1.0,0
0.857516972099437,0.05761657964953987,1.9481931663351704,-1.1695366997037855,1.0,0.0,0.0,0.0,1.0,0.0,0.0,0.0,0.0,1.0,0
0.857516972099437,-0.4423046250333592,0.03000403708110462,-1.1695366997037855,0.0,1.0,0.0,0.0,1.0,1.0,0.0,0.0,0.0,0.0,0
-0.328043405434013,-0.6968854920202239,-0.6093923393369173,0.8550394359178938,0.0,1.0,0.0,0.0,1.0,0.0,0.0,1.0,0.0,0.0,0
0.857516972099437,0.18028422789491363,2.587589542753192,-1.1695366997037855,1.0,0.0,0.0,0.0,1.0,1.0,0.0,0.0,0.0,0.0,0
0.857516972099437,-0.25536160938041075,1.3087967899171484,-1.1695366997037855,1.0,0.0,1.0,0.0,0.0,0.0,0.0,0.0,0.0,1.0,1
0.857516972099437,-0.7800653792535559,-0.6093923393369173,0.8550394359178938,1.0,0.0,0.0,0.0,1.0,0.0,0.0,0.0,0.0,1.0,0
0.857516972099437,0.24203899265905413,2.587589542753192,-1.1695366997037855,0.0,1.0,0.0,1.0,0.0,0.0,1.0,0.0,0.0,0.0,0
-1.513603782967463,2.0825527956630614,0.03000403708110462,-1.1695366997037855,1.0,0.0,0.0,0.0,1.0,0.0,0.0,0.0,0.0,1.0,1
0.857516972099437,-0.8355186374091106,-0.6093923393369173,0.8550394359178938,0.0,1.0,0.0,0.0,1.0,0.0,0.0,0.0,1.0,0.0,0
-0.328043405434013,0.08450132744441018,0.03000403708110462,-1.1695366997037855,0.0,1.0,0.0,0.0,1.0,0.0,0.0,0.0,0.0,1.0,0
-1.513603782967463,2.0825527956630614,1.3087967899171484,-1.1695366997037855,1.0,0.0,0.0,0.0,1.0,0.0,0.0,0.0,1.0,0.0,1
-1.513603782967463,2.0825527956630614,0.03000403708110462,-1.1695366997037855,1.0,0.0,1.0,0.0,0.0,0.0,0.0,0.0,0.0,1.0,1
0.857516972099437,-0.8342583360873935,0.03000403708110462,-1.1695366997037855,0.0,1.0,0.0,0.0,1.0,0.0,0.0,0.0,0.0,1.0,1
0.857516972099437,-0.8456010479828477,-0.6093923393369173,0.8550394359178938,1.0,0.0,0.0,0.0,1.0,0.0,0.0,0.0,0.0,1.0,1
0.857516972099437,-0.31879509550507834,0.03000403708110462,-1.1695366997037855,1.0,0.0,0.0,0.0,1.0,0.0,0.0,0.0,0.0,1.0,0
-1.513603782967463,2.0825527956630614,0.03000403708110462,-1.1695366997037855,0.0,1.0,0.0,0.0,1.0,1.0,0.0,0.0,0.0,0.0,1
0.857516972099437,-0.8203950215485047,-0.6093923393369173,0.8550394359178938,0.0,1.0,0.0,0.0,1.0,0.0,0.0,0.0,0.0,1.0,0
-0.328043405434013,0.08450132744441018,0.03000403708110462,-1.1695366997037855,1.0,0.0,0.0,0.0,1.0,0.0,0.0,0.0,0.0,1.0,1
0.857516972099437,-0.828168560100856,-0.6093923393369173,0.8550394359178938,0.0,1.0,0.0,0.0,1.0,0.0,0.0,0.0,0.0,1.0,0
0.857516972099437,-0.4246604065293191,0.6694004134991265,-1.1695366997037855,0.0,1.0,0.0,0.0,1.0,0.0,1.0,0.0,0.0,0.0,1
0.857516972099437,-0.8285869801396663,-0.6093923393369173,0.8550394359178938,0.0,1.0,0.0,0.0,1.0,0.0,0.0,0.0,0.0,1.0,0
0.857516972099437,-0.4271810091727534,0.03000403708110462,-1.1695366997037855,0.0,1.0,0.0,0.0,1.0,0.0,0.0,0.0,0.0,1.0,0
-1.513603782967463,2.0825527956630614,0.03000403708110462,-1.1695366997037855,1.0,0.0,1.0,0.0,0.0,0.0,0.0,0.0,1.0,0.0,1
-0.328043405434013,-0.5708553598485087,-0.6093923393369173,0.8550394359178938,0.0,1.0,0.0,0.0,1.0,1.0,0.0,0.0,0.0,0.0,0
0.857516972099437,-0.32887750607881555,0.03000403708110462,-1.1695366997037855,1.0,0.0,0.0,0.0,1.0,0.0,0.0,0.0,1.0,0.0,0
0.857516972099437,-0.44482522767679356,0.6694004134991265,-1.1695366997037855,0.0,1.0,0.0,1.0,0.0,1.0,0.0,0.0,0.0,0.0,0
-0.328043405434013,-0.6968854920202239,-0.6093923393369173,0.8550394359178938,0.0,1.0,0.0,0.0,1.0,0.0,0.0,0.0,0.0,1.0,0
-1.513603782967463,2.0825527956630614,-0.6093923393369173,0.8550394359178938,1.0,0.0,0.0,0.0,1.0,0.0,0.0,0.0,0.0,1.0,1
-0.328043405434013,0.08450132744441018,-0.6093923393369173,0.8550394359178938,0.0,1.0,0.0,0.0,1.0,0.0,0.0,0.0,0.0,1.0,0
-1.513603782967463,-1.2262120471414275,-0.6093923393369173,0.8550394359178938,0.0,1.0,0.0,0.0,1.0,0.0,0.0,0.0,0.0,1.0,0
0.857516972099437,-0.74729754488891,-0.6093923393369173,0.8550394359178938,0.0,1.0,0.0,0.0,1.0,0.0,0.0,0.0,0.0,1.0,1
-0.328043405434013,-0.5708553598485087,-0.6093923393369173,0.8550394359178938,0.0,1.0,0.0,0.0,1.0,1.0,0.0,0.0,0.0,0.0,0
-0.328043405434013,0.2897187122622573,0.03000403708110462,-1.1695366997037855,0.0,1.0,1.0,0.0,0.0,0.0,0.0,0.0,0.0,1.0,0
0.857516972099437,-0.20725842853311052,0.6694004134991265,-1.1695366997037855,1.0,0.0,0.0,0.0,1.0,1.0,0.0,0.0,0.0,0.0,0
-1.513603782967463,0.5634158296969278,-0.6093923393369173,0.8550394359178938,0.0,1.0,1.0,0.0,0.0,1.0,0.0,0.0,0.0,0.0,1
0.857516972099437,-0.044049407370739334,1.3087967899171484,-1.1695366997037855,1.0,0.0,0.0,0.0,1.0,0.0,0.0,0.0,0.0,1.0,0
-0.328043405434013,-0.5708553598485087,-0.6093923393369173,0.8550394359178938,1.0,0.0,0.0,0.0,1.0,1.0,0.0,0.0,0.0,0.0,1
0.857516972099437,-0.8203950215485047,-0.6093923393369173,0.8550394359178938,0.0,1.0,0.0,0.0,1.0,0.0,0.0,0.0,1.0,0.0,0
-1.513603782967463,2.0825527956630614,0.03000403708110462,-1.1695366997037855,0.0,1.0,1.0,0.0,0.0,0.0,0.0,0.0,0.0,1.0,1
0.857516972099437,-0.8355186374091106,-0.6093923393369173,0.8550394359178938,1.0,0.0,0.0,1.0,0.0,0.0,0.0,0.0,0.0,1.0,0
0.857516972099437,-0.8332097653877247,-0.6093923393369173,0.8550394359178938,0.0,1.0,0.0,0.0,1.0,0.0,0.0,0.0,0.0,1.0,1
-0.328043405434013,-0.5708553598485087,-0.6093923393369173,0.8550394359178938,0.0,1.0,0.0,0.0,1.0,0.0,0.0,0.0,0.0,1.0,1
0.857516972099437,-0.8607246638434536,-0.6093923393369173,0.8550394359178938,1.0,0.0,0.0,0.0,1.0,0.0,0.0,0.0,0.0,1.0,1
-0.328043405434013,-0.5708553598485087,-0.6093923393369173,0.8550394359178938,0.0,1.0,0.0,0.0,1.0,0.0,0.0,0.0,0.0,1.0,1
0.857516972099437,-0.730913627706587,0.03000403708110462,-1.1695366997037855,1.0,0.0,0.0,0.0,1.0,0.0,0.0,0.0,0.0,1.0,0
-1.513603782967463,2.0825527956630614,-0.6093923393369173,0.8550394359178938,1.0,0.0,0.0,0.0,1.0,0.0,0.0,1.0,0.0,0.0,1
0.857516972099437,-0.8302657015001935,-0.6093923393369173,0.8550394359178938,1.0,0.0,0.0,0.0,1.0,0.0,0.0,0.0,1.0,0.0,0
-0.328043405434013,0.13491338031309624,1.3087967899171484,-1.1695366997037855,1.0,0.0,0.0,0.0,1.0,0.0,0.0,0.0,0.0,1.0,1
-1.513603782967463,0.7701052464585407,0.03000403708110462,-1.1695366997037855,1.0,0.0,1.0,0.0,0.0,1.0,0.0,0.0,0.0,0.0,1
-1.513603782967463,2.0825527956630614,0.6694004134991265,-1.1695366997037855,1.0,0.0,0.0,0.0,1.0,0.0,0.0,0.0,0.0,1.0,1
0.857516972099437,-0.8266965281570905,-0.6093923393369173,0.8550394359178938,0.0,1.0,0.0,0.0,1.0,1.0,0.0,0.0,0.0,0.0,1
-1.513603782967463,0.11222795652218755,-0.6093923393369173,0.8550394359178938,0.0,1.0,0.0,0.0,1.0,1.0,0.0,0.0,0.0,0.0,1
-1.513603782967463,2.0825527956630614,0.03000403708110462,-1.1695366997037855,1.0,0.0,0.0,0.0,1.0,1.0,0.0,0.0,0.0,0.0,1
-0.328043405434013,-0.6074040981783061,-0.6093923393369173,0.8550394359178938,0.0,1.0,0.0,0.0,1.0,0.0,0.0,0.0,0.0,1.0,0
0.857516972099437,-0.8456010479828477,-0.6093923393369173,0.8550394359178938,0.0,1.0,0.0,0.0,1.0,0.0,0.0,0.0,0.0,1.0,0
-1.513603782967463,0.3365615917878405,-0.6093923393369173,0.8550394359178938,1.0,0.0,1.0,0.0,0.0,0.0,0.0,0.0,0.0,1.0,1
-0.328043405434013,0.43738569752521267,0.03000403708110462,-1.1695366997037855,0.0,1.0,0.0,0.0,1.0,0.0,0.0,0.0,0.0,1.0,0
0.857516972099437,-0.44482522767679356,0.6694004134991265,-1.1695366997037855,1.0,0.0,0.0,1.0,0.0,0.0,0.0,0.0,0.0,1.0,0
0.857516972099437,0.35609626227445634,3.226985919171214,-1.1695366997037855,0.0,1.0,0.0,0.0,1.0,0.0,1.0,0.0,0.0,0.0,1
-1.513603782967463,1.2691845698585327,0.6694004134991265,-1.1695366997037855,1.0,0.0,1.0,0.0,0.0,0.0,0.0,0.0,0.0,1.0,1
-1.513603782967463,1.3952147020302479,0.03000403708110462,-1.1695366997037855,1.0,0.0,0.0,0.0,1.0,0.0,0.0,0.0,0.0,1.0,1
-1.513603782967463,2.0825527956630614,0.6694004134991265,-1.1695366997037855,0.0,1.0,0.0,0.0,1.0,1.0,0.0,0.0,0.0,0.0,0
0.857516972099437,-0.8203950215485047,-0.6093923393369173,0.8550394359178938,1.0,0.0,0.0,0.0,1.0,0.0,0.0,0.0,0.0,1.0,0
-1.513603782967463,1.4506679601858026,0.03000403708110462,-1.1695366997037855,1.0,0.0,0.0,0.0,1.0,0.0,0.0,0.0,0.0,1.0,1
0.857516972099437,-0.8617732345431223,-0.6093923393369173,0.8550394359178938,0.0,1.0,1.0,0.0,0.0,0.0,0.0,0.0,0.0,1.0,0
-1.513603782967463,0.09899479264415749,-0.6093923393369173,0.8550394359178938,0.0,1.0,0.0,0.0,1.0,1.0,0.0,0.0,0.0,0.0,1
0.857516972099437,-0.828168560100856,-0.6093923393369173,0.8550394359178938,0.0,1.0,0.0,0.0,1.0,1.0,0.0,0.0,0.0,0.0,0
-1.513603782967463,2.0825527956630614,0.03000403708110462,-1.1695366997037855,1.0,0.0,1.0,0.0,0.0,1.0,0.0,0.0,0.0,0.0,1
0.857516972099437,-0.8617732345431223,-0.6093923393369173,0.8550394359178938,0.0,1.0,1.0,0.0,0.0,0.0,0.0,0.0,0.0,1.0,1
0.857516972099437,-0.8302657015001935,0.6694004134991265,-1.1695366997037855,0.0,1.0,0.0,0.0,1.0,0.0,0.0,0.0,1.0,0.0,0
-1.513603782967463,1.546450860636306,0.03000403708110462,-1.1695366997037855,1.0,0.0,0.0,0.0,1.0,0.0,0.0,0.0,0.0,1.0,1
-0.328043405434013,-0.6968854920202239,-0.6093923393369173,0.8550394359178938,1.0,0.0,0.0,0.0,1.0,0.0,0.0,0.0,0.0,1.0,1
0.857516972099437,-0.4145779959555818,0.03000403708110462,-1.1695366997037855,0.0,1.0,0.0,0.0,1.0,0.0,0.0,0.0,0.0,1.0,0
0.857516972099437,-0.8708070744171907,-0.6093923393369173,0.8550394359178938,0.0,1.0,0.0,0.0,1.0,0.0,0.0,0.0,0.0,1.0,0
-1.513603782967463,2.0825527956630614,0.6694004134991265,-1.1695366997037855,1.0,0.0,0.0,0.0,1.0,0.0,0.0,0.0,1.0,0.0,1
-0.328043405434013,0.08450132744441018,0.6694004134991265,-1.1695366997037855,0.0,1.0,0.0,0.0,1.0,0.0,1.0,0.0,0.0,0.0,1
0.857516972099437,0.35609626227445634,3.226985919171214,-1.1695366997037855,1.0,0.0,0.0,0.0,1.0,1.0,0.0,0.0,0.0,0.0,1
-1.513603782967463,0.28614953891915446,-0.6093923393369173,0.8550394359178938,1.0,0.0,0.0,0.0,1.0,0.0,0.0,0.0,0.0,1.0,1
0.857516972099437,-0.8355186374091106,-0.6093923393369173,0.8550394359178938,0.0,1.0,0.0,1.0,0.0,0.0,0.0,0.0,0.0,1.0,0
0.857516972099437,-0.8705953437951423,-0.6093923393369173,0.8550394359178938,0.0,1.0,0.0,0.0,1.0,1.0,0.0,0.0,0.0,0.0,0
0.857516972099437,-0.8758482797040594,-0.6093923393369173,0.8550394359178938,0.0,1.0,0.0,1.0,0.0,0.0,0.0,0.0,0.0,1.0,0
-1.513603782967463,2.0825527956630614,0.6694004134991265,-1.1695366997037855,1.0,0.0,0.0,0.0,1.0,1.0,0.0,0.0,0.0,0.0,1
-1.513603782967463,1.6437057930305754,-0.6093923393369173,0.8550394359178938,1.0,0.0,1.0,0.0,0.0,0.0,0.0,0.0,0.0,1.0,1
0.857516972099437,-0.8859306902777966,-0.6093923393369173,0.8550394359178938,1.0,0.0,0.0,1.0,0.0,0.0,0.0,0.0,1.0,0.0,0
0.857516972099437,-0.8203950215485047,-0.6093923393369173,0.8550394359178938,0.0,1.0,0.0,0.0,1.0,0.0,0.0,0.0,0.0,1.0,0
0.857516972099437,-0.8203950215485047,-0.6093923393369173,0.8550394359178938,0.0,1.0,0.0,0.0,1.0,0.0,0.0,0.0,0.0,1.0,0
0.857516972099437,-0.8804710649521179,-0.6093923393369173,0.8550394359178938,0.0,1.0,0.0,1.0,0.0,0.0,0.0,0.0,0.0,1.0,0
-1.513603782967463,-1.2262120471414275,-0.6093923393369173,0.8550394359178938,0.0,1.0,0.0,0.0,1.0,1.0,0.0,0.0,0.0,0.0,0
0.857516972099437,-0.8266965281570905,-0.6093923393369173,0.8550394359178938,0.0,1.0,0.0,0.0,1.0,0.0,0.0,0.0,0.0,1.0,0
0.857516972099437,0.3504249063267291,3.226985919171214,-1.1695366997037855,1.0,0.0,0.0,0.0,1.0,0.0,1.0,0.0,0.0,0.0,0
-0.328043405434013,0.8698807814962441,1.3087967899171484,-1.1695366997037855,0.0,1.0,1.0,0.0,0.0,0.0,0.0,0.0,0.0,1.0,0
-1.513603782967463,0.714651988302986,-0.6093923393369173,0.8550394359178938,0.0,1.0,0.0,0.0,1.0,1.0,0.0,0.0,0.0,0.0,0
0.857516972099437,-0.772503571323253,-0.6093923393369173,0.8550394359178938,0.0,1.0,0.0,0.0,1.0,0.0,0.0,0.0,0.0,1.0,0
-1.513603782967463,2.0825527956630614,2.587589542753192,-1.1695366997037855,1.0,0.0,0.0,0.0,1.0,0.0,0.0,0.0,0.0,1.0,1
-0.328043405434013,0.08450132744441018,0.6694004134991265,-1.1695366997037855,0.0,1.0,0.0,0.0,1.0,0.0,1.0,0.0,0.0,0.0,1
0.857516972099437,-0.8332097653877247,-0.6093923393369173,0.8550394359178938,0.0,1.0,0.0,0.0,1.0,0.0,0.0,0.0,0.0,1.0,1
-0.328043405434013,-0.5708553598485087,-0.6093923393369173,0.8550394359178938,1.0,0.0,0.0,0.0,1.0,0.0,0.0,0.0,0.0,1.0,1
-0.328043405434013,-0.5708553598485087,-0.6093923393369173,0.8550394359178938,1.0,0.0,0.0,0.0,1.0,0.0,0.0,0.0,0.0,1.0,0
0.857516972099437,-0.4952372805454796,0.6694004134991265,-1.1695366997037855,0.0,1.0,0.0,0.0,1.0,1.0,0.0,0.0,0.0,0.0,0
0.857516972099437,-0.8329980347656762,-0.6093923393369173,0.8550394359178938,0.0,1.0,0.0,0.0,1.0,0.0,0.0,0.0,0.0,1.0,0
0.857516972099437,-0.4246604065293191,0.6694004134991265,-1.1695366997037855,0.0,1.0,0.0,0.0,1.0,0.0,1.0,0.0,0.0,0.0,1
-1.513603782967463,2.0825527956630614,-0.6093923393369173,0.8550394359178938,1.0,0.0,1.0,0.0,0.0,0.0,0.0,0.0,0.0,1.0,1
-0.328043405434013,0.1712503880208452,0.03000403708110462,-1.1695366997037855,0.0,1.0,1.0,0.0,0.0,0.0,0.0,0.0,0.0,1.0,0
-1.513603782967463,2.0825527956630614,0.6694004134991265,-1.1695366997037855,0.0,1.0,1.0,0.0,0.0,0.0,0.0,0.0,1.0,0.0,1
0.857516972099437,-0.7895176391664346,-0.6093923393369173,0.8550394359178938,0.0,1.0,0.0,0.0,1.0,0.0,0.0,0.0,0.0,1.0,0
0.857516972099437,-0.7611608594277987,-0.6093923393369173,0.8550394359178938,0.0,1.0,0.0,0.0,1.0,0.0,0.0,0.0,0.0,1.0,0
0.857516972099437,-0.8619849651651706,-0.6093923393369173,0.8550394359178938,0.0,1.0,1.0,0.0,0.0,1.0,0.0,0.0,0.0,0.0,0
0.857516972099437,-0.828168560100856,-0.6093923393369173,0.8550394359178938,0.0,1.0,1.0,0.0,0.0,0.0,0.0,0.0,0.0,1.0,0
-1.513603782967463,2.0825527956630614,1.3087967899171484,-1.1695366997037855,1.0,0.0,0.0,0.0,1.0,0.0,1.0,0.0,0.0,0.0,0
-1.513603782967463,0.9112589944908616,-0.6093923393369173,0.8550394359178938,0.0,1.0,0.0,0.0,1.0,0.0,0.0,0.0,0.0,1.0,0
-0.328043405434013,-0.4196192012424505,-0.6093923393369173,0.8550394359178938,1.0,0.0,0.0,0.0,1.0,1.0,0.0,0.0,0.0,0.0,1
0.857516972099437,0.3504249063267291,3.226985919171214,-1.1695366997037855,1.0,0.0,0.0,0.0,1.0,0.0,1.0,0.0,0.0,0.0,0
-0.328043405434013,-0.5708553598485087,-0.6093923393369173,0.8550394359178938,0.0,1.0,0.0,0.0,1.0,0.0,0.0,0.0,0.0,1.0,0
0.857516972099437,-0.8670261704520393,-0.6093923393369173,0.8550394359178938,0.0,1.0,0.0,0.0,1.0,1.0,0.0,0.0,0.0,0.0,0
0.857516972099437,-0.4975461525668654,0.03000403708110462,-1.1695366997037855,1.0,0.0,1.0,0.0,0.0,0.0,0.0,0.0,1.0,0.0,0
0.857516972099437,-0.8266965281570905,-0.6093923393369173,0.8550394359178938,0.0,1.0,0.0,0.0,1.0,1.0,0.0,0.0,0.0,0.0,1
-0.328043405434013,-0.6464734391515378,0.03000403708110462,-1.1695366997037855,0.0,1.0,0.0,0.0,1.0,0.0,0.0,0.0,0.0,1.0,0
-1.513603782967463,2.0825527956630614,0.03000403708110462,-1.1695366997037855,1.0,0.0,0.0,0.0,1.0,1.0,0.0,0.0,0.0,0.0,1
0.857516972099437,-0.8203950215485047,-0.6093923393369173,0.8550394359178938,0.0,1.0,0.0,0.0,1.0,0.0,0.0,0.0,0.0,1.0,0
-0.328043405434013,2.0505713893231667,1.3087967899171484,-1.1695366997037855,1.0,0.0,0.0,0.0,1.0,1.0,0.0,0.0,0.0,0.0,1
0.857516972099437,-0.828168560100856,-0.6093923393369173,0.8550394359178938,0.0,1.0,0.0,0.0,1.0,0.0,0.0,0.0,0.0,1.0,0
-0.328043405434013,0.08450132744441018,0.03000403708110462,-1.1695366997037855,0.0,1.0,0.0,0.0,1.0,1.0,0.0,0.0,0.0,0.0,0
0.857516972099437,-0.8315260028219106,-0.6093923393369173,0.8550394359178938,1.0,0.0,0.0,1.0,0.0,0.0,0.0,0.0,0.0,1.0,1
-0.328043405434013,-0.6968854920202239,-0.6093923393369173,0.8550394359178938,1.0,0.0,0.0,0.0,1.0,1.0,0.0,0.0,0.0,0.0,1
0.857516972099437,-0.19150466201164612,0.6694004134991265,-1.1695366997037855,0.0,1.0,0.0,0.0,1.0,0.0,1.0,0.0,0.0,0.0,1
-1.513603782967463,1.3952147020302479,-0.6093923393369173,0.8550394359178938,0.0,1.0,0.0,0.0,1.0,1.0,0.0,0.0,0.0,0.0,0
-0.328043405434013,0.6264308957827854,0.6694004134991265,-1.1695366997037855,0.0,1.0,0.0,0.0,1.0,0.0,1.0,0.0,0.0,0.0,1
-0.328043405434013,0.08450132744441018,0.03000403708110462,-1.1695366997037855,1.0,0.0,0.0,0.0,1.0,1.0,0.0,0.0,0.0,0.0,1
-0.328043405434013,-0.5456493334141657,-0.6093923393369173,0.8550394359178938,1.0,0.0,0.0,0.0,1.0,1.0,0.0,0.0,0.0,0.0,1
0.857516972099437,0.7745163010845507,2.587589542753192,-1.1695366997037855,0.0,1.0,0.0,0.0,1.0,0.0,1.0,0.0,0.0,0.0,0
-0.328043405434013,-0.5708553598485087,-0.6093923393369173,0.8550394359178938,1.0,0.0,0.0,0.0,1.0,0.0,0.0,0.0,0.0,1.0,1
-1.513603782967463,0.31135556535349745,-0.6093923393369173,0.8550394359178938,0.0,1.0,0.0,0.0,1.0,0.0,0.0,0.0,0.0,1.0,1
0.857516972099437,1.621857209317287,-0.6093923393369173,0.8550394359178938,0.0,1.0,0.0,0.0,1.0,0.0,0.0,0.0,0.0,1.0,1
0.857516972099437,-0.8355186374091106,-0.6093923393369173,0.8550394359178938,1.0,0.0,0.0,1.0,0.0,0.0,0.0,0.0,0.0,1.0,0
0.857516972099437,-0.6594948724075195,0.03000403708110462,-1.1695366997037855,0.0,1.0,1.0,0.0,0.0,0.0,1.0,0.0,0.0,0.0,1
0.857516972099437,1.138113232399949,3.8663822955892355,-1.1695366997037855,0.0,1.0,0.0,0.0,1.0,0.0,1.0,0.0,0.0,0.0,0
0.857516972099437,-0.3843307642343703,0.6694004134991265,-1.1695366997037855,1.0,0.0,0.0,0.0,1.0,0.0,0.0,0.0,0.0,1.0,1
-1.513603782967463,2.0825527956630614,-0.6093923393369173,0.8550394359178938,0.0,1.0,1.0,0.0,0.0,0.0,0.0,0.0,0.0,1.0,0
0.857516972099437,-0.8710188050392393,0.03000403708110462,-1.1695366997037855,0.0,1.0,0.0,0.0,1.0,0.0,0.0,0.0,0.0,1.0,0
-0.328043405434013,-0.16755893689902016,0.03000403708110462,-1.1695366997037855,1.0,0.0,0.0,0.0,1.0,0.0,0.0,0.0,0.0,1.0,0
0.857516972099437,-0.8315260028219106,-0.6093923393369173,0.8550394359178938,0.0,1.0,0.0,1.0,0.0,0.0,0.0,0.0,0.0,1.0,0
-1.513603782967463,0.11222795652218755,-0.6093923393369173,0.8550394359178938,0.0,1.0,0.0,0.0,1.0,1.0,0.0,0.0,0.0,0.0,0
-0.328043405434013,-0.5456493334141657,-0.6093923393369173,0.8550394359178938,0.0,1.0,0.0,0.0,1.0,1.0,0.0,0.0,0.0,0.0,0
-1.513603782967463,0.11222795652218755,-0.6093923393369173,0.8550394359178938,1.0,0.0,0.0,0.0,1.0,1.0,0.0,0.0,0.0,0.0,1
-0.328043405434013,-0.6968854920202239,-0.6093923393369173,0.8550394359178938,0.0,1.0,0.0,0.0,1.0,0.0,0.0,0.0,0.0,1.0,0
0.857516972099437,-0.5973216876045689,0.03000403708110462,-1.1695366997037855,0.0,1.0,0.0,0.0,1.0,0.0,1.0,0.0,0.0,0.0,1
-0.328043405434013,-0.4952372805454796,0.6694004134991265,-1.1695366997037855,0.0,1.0,0.0,0.0,1.0,0.0,1.0,0.0,0.0,0.0,1
0.857516972099437,0.7745163010845507,2.587589542753192,-1.1695366997037855,0.0,1.0,0.0,0.0,1.0,0.0,0.0,0.0,1.0,0.0,0
-1.513603782967463,1.89828666001744,0.03000403708110462,-1.1695366997037855,0.0,1.0,1.0,0.0,0.0,0.0,0.0,1.0,0.0,0.0,0
-1.513603782967463,2.0825527956630614,0.6694004134991265,-1.1695366997037855,0.0,1.0,1.0,0.0,0.0,0.0,0.0,0.0,0.0,1.0,0
-1.513603782967463,2.0825527956630614,1.3087967899171484,-1.1695366997037855,0.0,1.0,0.0,0.0,1.0,0.0,1.0,0.0,0.0,0.0,1
-0.328043405434013,0.08450132744441018,0.03000403708110462,-1.1695366997037855,0.0,1.0,0.0,0.0,1.0,1.0,0.0,0.0,0.0,0.0,0
0.857516972099437,-0.2053679765505347,0.6694004134991265,-1.1695366997037855,0.0,1.0,0.0,0.0,1.0,0.0,0.0,0.0,1.0,0.0,0
0.857516972099437,-0.8266965281570905,0.6694004134991265,-1.1695366997037855,0.0,1.0,0.0,0.0,1.0,0.0,0.0,0.0,0.0,1.0,0
0.857516972099437,-0.730913627706587,0.03000403708110462,-1.1695366997037855,1.0,0.0,0.0,0.0,1.0,0.0,0.0,0.0,0.0,1.0,0
0.857516972099437,-0.8670261704520393,-0.6093923393369173,0.8550394359178938,0.0,1.0,0.0,0.0,1.0,0.0,0.0,0.0,1.0,0.0,0
0.857516972099437,-0.4145779959555818,0.03000403708110462,-1.1695366997037855,1.0,0.0,0.0,0.0,1.0,0.0,0.0,0.0,0.0,1.0,1
-0.328043405434013,-0.5708553598485087,-0.6093923393369173,0.8550394359178938,0.0,1.0,0.0,0.0,1.0,0.0,0.0,0.0,0.0,1.0,0
-1.513603782967463,0.403145831216801,-0.6093923393369173,0.8550394359178938,0.0,1.0,0.0,0.0,1.0,0.0,0.0,1.0,0.0,0.0,0
-1.513603782967463,2.0825527956630614,-0.6093923393369173,0.8550394359178938,1.0,0.0,0.0,0.0,1.0,0.0,0.0,0.0,0.0,1.0,1
0.857516972099437,2.0825527956630614,5.784571424843302,-1.1695366997037855,1.0,0.0,0.0,0.0,1.0,0.0,0.0,0.0,0.0,1.0,0
0.857516972099437,-0.7899360592052447,-0.6093923393369173,0.8550394359178938,0.0,1.0,0.0,0.0,1.0,0.0,0.0,0.0,0.0,1.0,0
0.857516972099437,-0.8670261704520393,-0.6093923393369173,0.8550394359178938,0.0,1.0,0.0,0.0,1.0,0.0,0.0,0.0,0.0,1.0,0
-1.513603782967463,2.0825527956630614,-0.6093923393369173,0.8550394359178938,1.0,0.0,1.0,0.0,0.0,1.0,0.0,0.0,0.0,0.0,1
0.857516972099437,0.7745163010845507,2.587589542753192,-1.1695366997037855,0.0,1.0,0.0,0.0,1.0,0.0,1.0,0.0,0.0,0.0,0
-0.328043405434013,0.08450132744441018,0.6694004134991265,-1.1695366997037855,1.0,0.0,0.0,0.0,1.0,0.0,0.0,0.0,0.0,1.0,0
0.857516972099437,-0.7615792794666087,-0.6093923393369173,0.8550394359178938,0.0,1.0,0.0,0.0,1.0,0.0,0.0,0.0,1.0,0.0,0
-0.328043405434013,-0.5708553598485087,-0.6093923393369173,0.8550394359178938,0.0,1.0,0.0,0.0,1.0,0.0,0.0,0.0,0.0,1.0,0
-1.513603782967463,2.0825527956630614,-0.6093923393369173,0.8550394359178938,1.0,0.0,0.0,0.0,1.0,0.0,0.0,0.0,0.0,1.0,1
-1.513603782967463,2.0825527956630614,-0.6093923393369173,0.8550394359178938,0.0,1.0,1.0,0.0,0.0,0.0,0.0,0.0,0.0,1.0,0
0.857516972099437,1.138113232399949,3.8663822955892355,-1.1695366997037855,0.0,1.0,0.0,0.0,1.0,0.0,1.0,0.0,0.0,0.0,0
-1.513603782967463,0.11222795652218755,-0.6093923393369173,0.8550394359178938,0.0,1.0,0.0,0.0,1.0,1.0,0.0,0.0,0.0,0.0,1
0.857516972099437,-0.8363605186920177,-0.6093923393369173,0.8550394359178938,1.0,0.0,0.0,1.0,0.0,0.0,0.0,0.0,0.0,1.0,1
0.857516972099437,-0.8342583360873935,-0.6093923393369173,0.8550394359178938,0.0,1.0,0.0,0.0,1.0,0.0,0.0,0.0,0.0,1.0,0
0.857516972099437,-0.4271810091727534,1.3087967899171484,-1.1695366997037855,1.0,0.0,0.0,0.0,1.0,0.0,0.0,0.0,0.0,1.0,1
0.857516972099437,-0.2196497111282335,0.03000403708110462,-1.1695366997037855,0.0,1.0,0.0,0.0,1.0,0.0,0.0,0.0,0.0,1.0,0
0.857516972099437,-0.828168560100856,-0.6093923393369173,0.8550394359178938,0.0,1.0,0.0,0.0,1.0,1.0,0.0,0.0,0.0,0.0,0
0.857516972099437,-0.8266965281570905,-0.6093923393369173,0.8550394359178938,1.0,0.0,0.0,0.0,1.0,0.0,0.0,0.0,0.0,1.0,1
0.857516972099437,-0.828168560100856,-0.6093923393369173,0.8550394359178938,0.0,1.0,1.0,0.0,0.0,0.0,0.0,0.0,0.0,1.0,1
-0.328043405434013,0.09710434066158169,0.6694004134991265,-1.1695366997037855,1.0,0.0,0.0,0.0,1.0,0.0,1.0,0.0,0.0,0.0,1
-1.513603782967463,1.4506679601858026,0.03000403708110462,-1.1695366997037855,0.0,1.0,0.0,0.0,1.0,1.0,0.0,0.0,0.0,0.0,0
0.857516972099437,-0.8405598426959793,-0.6093923393369173,0.8550394359178938,1.0,0.0,0.0,0.0,1.0,0.0,0.0,0.0,0.0,1.0,1
-0.328043405434013,-0.5708553598485087,-0.6093923393369173,0.8550394359178938,0.0,1.0,0.0,0.0,1.0,0.0,0.0,0.0,0.0,1.0,0
0.857516972099437,-0.3843307642343703,0.6694004134991265,-1.1695366997037855,1.0,0.0,0.0,0.0,1.0,0.0,1.0,0.0,0.0,0.0,1
0.857516972099437,-0.8607246638434536,0.03000403708110462,-1.1695366997037855,0.0,1.0,0.0,0.0,1.0,0.0,0.0,0.0,0.0,1.0,0
0.857516972099437,-0.4326406344984321,0.6694004134991265,-1.1695366997037855,0.0,1.0,1.0,0.0,0.0,0.0,0.0,0.0,0.0,1.0,1
0.857516972099437,-0.8266965281570905,-0.6093923393369173,0.8550394359178938,0.0,1.0,0.0,0.0,1.0,0.0,0.0,0.0,0.0,1.0,0
-1.513603782967463,1.546450860636306,0.03000403708110462,-1.1695366997037855,1.0,0.0,0.0,0.0,1.0,0.0,0.0,0.0,0.0,1.0,1
-0.328043405434013,0.6392456396220053,0.6694004134991265,-1.1695366997037855,0.0,1.0,1.0,0.0,0.0,0.0,0.0,0.0,0.0,1.0,0
-1.513603782967463,0.5382098032625848,-0.6093923393369173,0.8550394359178938,0.0,1.0,0.0,0.0,1.0,0.0,0.0,0.0,0.0,1.0,0
0.857516972099437,-0.8745879783823421,-0.6093923393369173,0.8550394359178938,0.0,1.0,0.0,0.0,1.0,0.0,0.0,0.0,0.0,1.0,1
-0.328043405434013,0.08450132744441018,0.03000403708110462,-1.1695366997037855,0.0,1.0,0.0,0.0,1.0,0.0,0.0,0.0,0.0,1.0,1
-1.513603782967463,2.0825527956630614,0.03000403708110462,-1.1695366997037855,1.0,0.0,1.0,0.0,0.0,0.0,0.0,0.0,1.0,0.0,1
0.857516972099437,-0.8203950215485047,-0.6093923393369173,0.8550394359178938,0.0,1.0,0.0,0.0,1.0,1.0,0.0,0.0,0.0,0.0,0
0.857516972099437,-0.27909560387098803,-0.6093923393369173,0.8550394359178938,0.0,1.0,1.0,0.0,0.0,0.0,1.0,0.0,0.0,0.0,0
0.857516972099437,-0.6649595389384849,0.6694004134991265,-1.1695366997037855,0.0,1.0,0.0,0.0,1.0,0.0,1.0,0.0,0.0,0.0,1
0.857516972099437,-0.8159839669224948,-0.6093923393369173,0.8550394359178938,1.0,0.0,0.0,1.0,0.0,0.0,0.0,0.0,0.0,1.0,0
-0.328043405434013,0.739858014737329,1.3087967899171484,-1.1695366997037855,1.0,0.0,0.0,0.0,1.0,0.0,1.0,0.0,0.0,0.0,1
0.857516972099437,-0.828168560100856,-0.6093923393369173,0.8550394359178938,0.0,1.0,1.0,0.0,0.0,0.0,0.0,0.0,0.0,1.0,0
-0.328043405434013,0.8698807814962441,1.3087967899171484,-1.1695366997037855,1.0,0.0,1.0,0.0,0.0,0.0,1.0,0.0,0.0,0.0,1
0.857516972099437,-0.4952372805454796,0.03000403708110462,-1.1695366997037855,1.0,0.0,0.0,0.0,1.0,1.0,0.0,0.0,0.0,0.0,0
0.857516972099437,-0.4145779959555818,0.03000403708110462,-1.1695366997037855,0.0,1.0,0.0,0.0,1.0,0.0,0.0,0.0,0.0,1.0,0
-1.513603782967463,2.0825527956630614,-0.6093923393369173,0.8550394359178938,0.0,1.0,0.0,0.0,1.0,0.0,0.0,0.0,0.0,1.0,0
-1.513603782967463,2.0825527956630614,1.3087967899171484,-1.1695366997037855,1.0,0.0,0.0,0.0,1.0,1.0,0.0,0.0,0.0,0.0,1
0.857516972099437,-0.4975461525668654,0.03000403708110462,-1.1695366997037855,1.0,0.0,1.0,0.0,0.0,0.0,0.0,0.0,1.0,0.0,0
0.857516972099437,-0.8342583360873935,-0.6093923393369173,0.8550394359178938,1.0,0.0,0.0,0.0,1.0,0.0,0.0,0.0,1.0,0.0,0
-1.513603782967463,1.8680394282962283,0.03000403708110462,-1.1695366997037855,0.0,1.0,1.0,0.0,0.0,1.0,0.0,0.0,0.0,0.0,0
-0.328043405434013,-0.6968854920202239,-0.6093923393369173,0.8550394359178938,0.0,1.0,0.0,0.0,1.0,0.0,0.0,0.0,0.0,1.0,0
-0.328043405434013,0.08450132744441018,0.03000403708110462,-1.1695366997037855,1.0,0.0,0.0,0.0,1.0,0.0,0.0,0.0,0.0,1.0,1
-0.328043405434013,-0.432222214459622,-0.6093923393369173,0.8550394359178938,1.0,0.0,0.0,0.0,1.0,1.0,0.0,0.0,0.0,0.0,1
0.857516972099437,-0.7134811398245954,-0.6093923393369173,0.8550394359178938,0.0,1.0,0.0,0.0,1.0,0.0,0.0,0.0,0.0,1.0,0
-0.328043405434013,-0.6968854920202239,-0.6093923393369173,0.8550394359178938,0.0,1.0,0.0,0.0,1.0,0.0,0.0,0.0,0.0,1.0,1
0.857516972099437,2.0825527956630614,5.784571424843302,-1.1695366997037855,0.0,1.0,0.0,0.0,1.0,0.0,0.0,0.0,0.0,1.0,0
-1.513603782967463,0.11222795652218755,-0.6093923393369173,0.8550394359178938,0.0,1.0,0.0,0.0,1.0,1.0,0.0,0.0,0.0,0.0,1
-0.328043405434013,0.08450132744441018,-0.6093923393369173,0.8550394359178938,0.0,1.0,0.0,0.0,1.0,1.0,0.0,0.0,0.0,0.0,0
-1.513603782967463,1.1481956429736864,-0.6093923393369173,0.8550394359178938,0.0,1.0,0.0,0.0,1.0,0.0,0.0,0.0,0.0,1.0,0
0.857516972099437,-1.0239336850058247,-0.6093923393369173,0.8550394359178938,0.0,1.0,1.0,0.0,0.0,0.0,0.0,0.0,0.0,1.0,0
0.857516972099437,-0.8617732345431223,-0.6093923393369173,0.8550394359178938,0.0,1.0,1.0,0.0,0.0,0.0,0.0,0.0,0.0,1.0,0
0.857516972099437,-0.8607246638434536,-0.6093923393369173,0.8550394359178938,0.0,1.0,0.0,0.0,1.0,0.0,0.0,0.0,0.0,1.0,0
0.857516972099437,-0.00876097036265912,0.6694004134991265,-1.1695366997037855,1.0,0.0,0.0,0.0,1.0,0.0,1.0,0.0,0.0,0.0,0
-1.513603782967463,2.0825527956630614,-0.6093923393369173,0.8550394359178938,1.0,0.0,1.0,0.0,0.0,1.0,0.0,0.0,0.0,0.0,1
0.857516972099437,-0.8266965281570905,0.03000403708110462,-1.1695366997037855,1.0,0.0,0.0,0.0,1.0,0.0,0.0,0.0,0.0,1.0,0
-0.328043405434013,-0.06673483116164802,0.03000403708110462,-1.1695366997037855,1.0,0.0,0.0,0.0,1.0,0.0,0.0,0.0,0.0,1.0,1
-0.328043405434013,0.43738569752521267,-0.6093923393369173,0.8550394359178938,1.0,0.0,0.0,0.0,1.0,0.0,0.0,0.0,0.0,1.0,1
0.857516972099437,-0.74729754488891,-0.6093923393369173,0.8550394359178938,0.0,1.0,0.0,0.0,1.0,0.0,0.0,0.0,0.0,1.0,1
-1.513603782967463,0.28614953891915446,-0.6093923393369173,0.8550394359178938,0.0,1.0,0.0,0.0,1.0,0.0,0.0,0.0,0.0,1.0,1
0.857516972099437,0.24203899265905413,2.587589542753192,-1.1695366997037855,1.0,0.0,0.0,1.0,0.0,1.0,0.0,0.0,0.0,0.0,0
-0.328043405434013,-0.5273749642492669,-0.6093923393369173,0.8550394359178938,0.0,1.0,1.0,0.0,0.0,0.0,0.0,0.0,0.0,1.0,1
0.857516972099437,-0.8661842891691323,-0.6093923393369173,0.8550394359178938,0.0,1.0,0.0,0.0,1.0,0.0,0.0,0.0,0.0,1.0,1
0.857516972099437,-0.8203950215485047,-0.6093923393369173,0.8550394359178938,0.0,1.0,0.0,0.0,1.0,0.0,0.0,0.0,0.0,1.0,0
-1.513603782967463,0.11222795652218755,-0.6093923393369173,0.8550394359178938,0.0,1.0,0.0,0.0,1.0,1.0,0.0,0.0,0.0,0.0,0
-0.328043405434013,-0.5708553598485087,-0.6093923393369173,0.8550394359178938,0.0,1.0,0.0,0.0,1.0,0.0,0.0,0.0,0.0,1.0,0
0.857516972099437,-0.7895176391664346,-0.6093923393369173,0.8550394359178938,0.0,1.0,0.0,0.0,1.0,1.0,0.0,0.0,0.0,0.0,0
0.857516972099437,0.18028422789491363,2.587589542753192,-1.1695366997037855,0.0,1.0,0.0,0.0,1.0,1.0,0.0,0.0,0.0,0.0,0
0.857516972099437,-0.7298650570069183,-0.6093923393369173,0.8550394359178938,0.0,1.0,0.0,0.0,1.0,0.0,0.0,0.0,0.0,1.0,0
-0.328043405434013,0.6392456396220053,0.6694004134991265,-1.1695366997037855,0.0,1.0,1.0,0.0,0.0,0.0,1.0,0.0,0.0,0.0,1
-0.328043405434013,-0.5708553598485087,-0.6093923393369173,0.8550394359178938,0.0,1.0,0.0,0.0,1.0,1.0,0.0,0.0,0.0,0.0,0
0.857516972099437,-0.16377803293386875,1.9481931663351704,-1.1695366997037855,1.0,0.0,0.0,0.0,1.0,0.0,0.0,0.0,0.0,1.0,0
-0.328043405434013,-0.6968854920202239,-0.6093923393369173,0.8550394359178938,0.0,1.0,0.0,0.0,1.0,0.0,0.0,0.0,0.0,1.0,0
0.857516972099437,-0.8483333812483306,-0.6093923393369173,0.8550394359178938,1.0,0.0,0.0,0.0,1.0,0.0,0.0,0.0,1.0,0.0,1
-0.328043405434013,0.1727224199646108,1.3087967899171484,-1.1695366997037855,1.0,0.0,0.0,0.0,1.0,0.0,1.0,0.0,0.0,0.0,1
0.857516972099437,-0.8363605186920177,-0.6093923393369173,0.8550394359178938,0.0,1.0,0.0,1.0,0.0,0.0,0.0,0.0,0.0,1.0,0
-0.328043405434013,-0.6968854920202239,-0.6093923393369173,0.8550394359178938,1.0,0.0,0.0,0.0,1.0,0.0,0.0,0.0,0.0,1.0,1
0.857516972099437,-1.2262120471414275,-0.6093923393369173,0.8550394359178938,0.0,1.0,0.0,0.0,1.0,1.0,0.0,0.0,0.0,0.0,0
-1.513603782967463,0.31135556535349745,-0.6093923393369173,0.8550394359178938,0.0,1.0,1.0,0.0,0.0,0.0,0.0,0.0,0.0,1.0,1
-0.328043405434013,0.739858014737329,1.3087967899171484,-1.1695366997037855,0.0,1.0,0.0,0.0,1.0,0.0,1.0,0.0,0.0,0.0,1
-0.328043405434013,-0.6968854920202239,-0.6093923393369173,0.8550394359178938,0.0,1.0,0.0,0.0,1.0,0.0,0.0,1.0,0.0,0.0,0
-1.513603782967463,2.0825527956630614,-0.6093923393369173,0.8550394359178938,1.0,0.0,1.0,0.0,0.0,0.0,0.0,0.0,0.0,1.0,1
0.857516972099437,-0.00876097036265912,0.03000403708110462,-1.1695366997037855,0.0,1.0,0.0,1.0,0.0,0.0,0.0,0.0,0.0,1.0,0
-1.513603782967463,0.08072042347925876,-0.6093923393369173,0.8550394359178938,0.0,1.0,0.0,0.0,1.0,0.0,0.0,0.0,0.0,1.0,0
0.857516972099437,-0.8302657015001935,-0.6093923393369173,0.8550394359178938,1.0,0.0,0.0,0.0,1.0,0.0,0.0,0.0,0.0,1.0,1
-0.328043405434013,-0.5708553598485087,-0.6093923393369173,0.8550394359178938,0.0,1.0,0.0,0.0,1.0,1.0,0.0,0.0,0.0,0.0,0
-1.513603782967463,0.09878306202210897,0.6694004134991265,-1.1695366997037855,1.0,0.0,0.0,0.0,1.0,0.0,0.0,0.0,0.0,1.0,1
0.857516972099437,-0.8203950215485047,-0.6093923393369173,0.8550394359178938,0.0,1.0,0.0,0.0,1.0,0.0,0.0,0.0,0.0,1.0,0
0.857516972099437,-0.514983681654144,0.6694004134991265,-1.1695366997037855,0.0,1.0,0.0,0.0,1.0,1.0,0.0,0.0,0.0,0.0,0
0.857516972099437,0.18028422789491363,2.587589542753192,-1.1695366997037855,0.0,1.0,0.0,0.0,1.0,0.0,1.0,0.0,0.0,0.0,0
-1.513603782967463,0.28614953891915446,-0.6093923393369173,0.8550394359178938,0.0,1.0,0.0,0.0,1.0,0.0,0.0,1.0,0.0,0.0,1
-1.513603782967463,2.0825527956630614,-0.6093923393369173,0.8550394359178938,0.0,1.0,1.0,0.0,0.0,0.0,0.0,0.0,0.0,1.0,1
-0.328043405434013,0.08450132744441018,0.03000403708110462,-1.1695366997037855,1.0,0.0,0.0,0.0,1.0,1.0,0.0,0.0,0.0,0.0,0
0.857516972099437,-0.7895176391664346,-0.6093923393369173,0.8550394359178938,0.0,1.0,0.0,0.0,1.0,0.0,0.0,0.0,0.0,1.0,0
-0.328043405434013,0.09710434066158169,0.6694004134991265,-1.1695366997037855,0.0,1.0,0.0,0.0,1.0,0.0,0.0,0.0,0.0,1.0,0
0.857516972099437,-0.8987454341170167,-0.6093923393369173,0.8550394359178938,0.0,1.0,0.0,0.0,1.0,0.0,0.0,0.0,0.0,1.0,0
-0.328043405434013,-0.6968854920202239,-0.6093923393369173,0.8550394359178938,0.0,1.0,0.0,0.0,1.0,0.0,0.0,1.0,0.0,0.0,1
-1.513603782967463,1.6966384485426955,0.03000403708110462,-1.1695366997037855,1.0,0.0,1.0,0.0,0.0,1.0,0.0,0.0,0.0,0.0,1
0.857516972099437,1.138113232399949,3.8663822955892355,-1.1695366997037855,0.0,1.0,0.0,0.0,1.0,0.0,0.0,0.0,1.0,0.0,0
0.857516972099437,-0.4145779959555818,-0.6093923393369173,0.8550394359178938,0.0,1.0,0.0,0.0,1.0,0.0,0.0,0.0,0.0,1.0,0
-1.513603782967463,2.0825527956630614,0.03000403708110462,-1.1695366997037855,1.0,0.0,1.0,0.0,0.0,1.0,0.0,0.0,0.0,0.0,1
0.857516972099437,-0.20725842853311052,0.6694004134991265,-1.1695366997037855,0.0,1.0,0.0,0.0,1.0,0.0,0.0,0.0,1.0,0.0,0
-1.513603782967463,0.2710259230585486,-0.6093923393369173,0.8550394359178938,0.0,1.0,1.0,0.0,0.0,0.0,0.0,0.0,0.0,1.0,1
0.857516972099437,-0.8332097653877247,-0.6093923393369173,0.8550394359178938,0.0,1.0,0.0,0.0,1.0,0.0,0.0,0.0,0.0,1.0,0
-1.513603782967463,0.0637063556360771,-0.6093923393369173,0.8550394359178938,0.0,1.0,0.0,0.0,1.0,1.0,0.0,0.0,0.0,0.0,0
0.857516972099437,-0.7895176391664346,-0.6093923393369173,0.8550394359178938,0.0,1.0,1.0,0.0,0.0,0.0,0.0,0.0,0.0,1.0,0
0.857516972099437,-0.18898405936821178,1.3087967899171484,-1.1695366997037855,0.0,1.0,0.0,0.0,1.0,0.0,0.0,0.0,0.0,1.0,0
-0.328043405434013,-0.2809860558535638,0.6694004134991265,-1.1695366997037855,0.0,1.0,0.0,0.0,1.0,0.0,1.0,0.0,0.0,0.0,1
0.857516972099437,-0.74729754488891,-0.6093923393369173,0.8550394359178938,0.0,1.0,0.0,0.0,1.0,0.0,0.0,0.0,0.0,1.0,0
0.857516972099437,-0.8266965281570905,-0.6093923393369173,0.8550394359178938,1.0,0.0,0.0,0.0,1.0,0.0,0.0,0.0,0.0,1.0,1
-1.513603782967463,0.3365615917878405,-0.6093923393369173,0.8550394359178938,0.0,1.0,0.0,0.0,1.0,0.0,0.0,0.0,0.0,1.0,0
-0.328043405434013,-0.5708553598485087,-0.6093923393369173,0.8550394359178938,1.0,0.0,0.0,0.0,1.0,1.0,0.0,0.0,0.0,0.0,1
0.857516972099437,-0.74729754488891,-0.6093923393369173,0.8550394359178938,0.0,1.0,0.0,0.0,1.0,0.0,0.0,0.0,0.0,1.0,0
0.857516972099437,-0.8619849651651706,-0.6093923393369173,0.8550394359178938,1.0,0.0,1.0,0.0,0.0,0.0,0.0,0.0,1.0,0.0,1
-1.513603782967463,2.0825527956630614,0.03000403708110462,-1.1695366997037855,1.0,0.0,1.0,0.0,0.0,1.0,0.0,0.0,0.0,0.0,1
0.857516972099437,-0.6649595389384849,0.6694004134991265,-1.1695366997037855,1.0,0.0,0.0,0.0,1.0,0.0,1.0,0.0,0.0,0.0,1
0.857516972099437,-0.8619849651651706,-0.6093923393369173,0.8550394359178938,0.0,1.0,1.0,0.0,0.0,0.0,0.0,0.0,0.0,1.0,0
0.857516972099437,-0.7895176391664346,-0.6093923393369173,0.8550394359178938,1.0,0.0,0.0,0.0,1.0,0.0,0.0,0.0,0.0,1.0,0
0.857516972099437,-0.7895176391664346,-0.6093923393369173,0.8550394359178938,0.0,1.0,0.0,0.0,1.0,0.0,0.0,0.0,1.0,0.0,0
-0.328043405434013,-0.6968854920202239,-0.6093923393369173,0.8550394359178938,0.0,1.0,0.0,0.0,1.0,0.0,0.0,0.0,0.0,1.0,0
0.857516972099437,0.506702270219656,1.9481931663351704,-1.1695366997037855,1.0,0.0,0.0,0.0,1.0,1.0,0.0,0.0,0.0,0.0,0
0.857516972099437,-0.8416084133956477,-0.6093923393369173,0.8550394359178938,1.0,0.0,0.0,1.0,0.0,0.0,0.0,0.0,0.0,1.0,0
-1.513603782967463,2.0825527956630614,2.587589542753192,-1.1695366997037855,0.0,1.0,0.0,0.0,1.0,0.0,0.0,1.0,0.0,0.0,0
0.857516972099437,-0.8607246638434536,-0.6093923393369173,0.8550394359178938,0.0,1.0,0.0,0.0,1.0,0.0,0.0,0.0,0.0,1.0,0
0.857516972099437,-0.7548593528192129,-0.6093923393369173,0.8550394359178938,0.0,1.0,0.0,0.0,1.0,0.0,0.0,0.0,0.0,1.0,0
0.857516972099437,-0.8302657015001935,-0.6093923393369173,0.8550394359178938,0.0,1.0,0.0,0.0,1.0,0.0,0.0,0.0,0.0,1.0,0
0.857516972099437,-0.8708070744171907,-0.6093923393369173,0.8550394359178938,0.0,1.0,0.0,0.0,1.0,0.0,0.0,0.0,0.0,1.0,0
-0.328043405434013,0.08450132744441018,0.6694004134991265,-1.1695366997037855,0.0,1.0,0.0,0.0,1.0,1.0,0.0,0.0,0.0,0.0,0
-1.513603782967463,1.3882830447608034,-0.6093923393369173,0.8550394359178938,0.0,1.0,0.0,0.0,1.0,1.0,0.0,0.0,0.0,0.0,0
0.857516972099437,0.3504249063267291,3.226985919171214,-1.1695366997037855,1.0,0.0,0.0,0.0,1.0,0.0,1.0,0.0,0.0,0.0,0
-0.328043405434013,-0.6968854920202239,-0.6093923393369173,0.8550394359178938,1.0,0.0,0.0,0.0,1.0,0.0,0.0,0.0,1.0,0.0,1
0.857516972099437,-0.44482522767679356,0.03000403708110462,-1.1695366997037855,0.0,1.0,0.0,1.0,0.0,0.0,0.0,0.0,0.0,1.0,0
-0.328043405434013,-0.016322778292961956,0.03000403708110462,-1.1695366997037855,0.0,1.0,1.0,0.0,0.0,0.0,0.0,0.0,0.0,1.0,0
-0.328043405434013,0.739858014737329,0.6694004134991265,-1.1695366997037855,1.0,0.0,0.0,0.0,1.0,1.0,0.0,0.0,0.0,0.0,1
0.857516972099437,-0.8745879783823421,-0.6093923393369173,0.8550394359178938,0.0,1.0,0.0,0.0,1.0,1.0,0.0,0.0,0.0,0.0,0
0.857516972099437,0.7745163010845507,2.587589542753192,-1.1695366997037855,0.0,1.0,0.0,0.0,1.0,0.0,0.0,0.0,1.0,0.0,0
-0.328043405434013,-0.16755893689902016,-0.6093923393369173,0.8550394359178938,1.0,0.0,0.0,0.0,1.0,0.0,0.0,0.0,0.0,1.0,1
-0.328043405434013,-0.16755893689902016,0.03000403708110462,-1.1695366997037855,0.0,1.0,0.0,0.0,1.0,0.0,0.0,0.0,0.0,1.0,0
-1.513603782967463,2.0825527956630614,2.587589542753192,-1.1695366997037855,1.0,0.0,0.0,0.0,1.0,0.0,0.0,0.0,0.0,1.0,1
-0.328043405434013,-0.24317701620204926,0.03000403708110462,-1.1695366997037855,1.0,0.0,0.0,0.0,1.0,0.0,0.0,0.0,1.0,0.0,1
-1.513603782967463,2.0825527956630614,-0.6093923393369173,0.8550394359178938,1.0,0.0,0.0,0.0,1.0,1.0,0.0,0.0,0.0,0.0,1
-1.513603782967463,2.0825527956630614,0.03000403708110462,-1.1695366997037855,1.0,0.0,1.0,0.0,0.0,0.0,0.0,0.0,0.0,1.0,1
-1.513603782967463,0.11222795652218755,-0.6093923393369173,0.8550394359178938,0.0,1.0,0.0,0.0,1.0,0.0,0.0,1.0,0.0,0.0,0
-1.513603782967463,2.0825527956630614,-0.6093923393369173,0.8550394359178938,1.0,0.0,1.0,0.0,0.0,1.0,0.0,0.0,0.0,0.0,1
-1.513603782967463,1.269396300480581,-0.6093923393369173,0.8550394359178938,0.0,1.0,1.0,0.0,0.0,0.0,0.0,1.0,0.0,0.0,0
-1.513603782967463,0.28614953891915446,-0.6093923393369173,0.8550394359178938,0.0,1.0,0.0,0.0,1.0,0.0,0.0,0.0,0.0,1.0,0
-1.513603782967463,2.0825527956630614,0.03000403708110462,-1.1695366997037855,0.0,1.0,1.0,0.0,0.0,0.0,0.0,0.0,0.0,1.0,0
0.857516972099437,-0.8355186374091106,-0.6093923393369173,0.8550394359178938,0.0,1.0,0.0,1.0,0.0,0.0,0.0,0.0,0.0,1.0,1
0.857516972099437,-0.5002784858323482,0.6694004134991265,-1.1695366997037855,0.0,1.0,0.0,0.0,1.0,0.0,0.0,0.0,0.0,1.0,0
-0.328043405434013,-0.4675106514677022,-0.6093923393369173,0.8550394359178938,0.0,1.0,1.0,0.0,0.0,0.0,0.0,0.0,0.0,1.0,0
0.857516972099437,1.138113232399949,3.8663822955892355,-1.1695366997037855,1.0,0.0,0.0,0.0,1.0,0.0,0.0,0.0,1.0,0.0,0
-1.513603782967463,0.3365615917878405,-0.6093923393369173,0.8550394359178938,0.0,1.0,1.0,0.0,0.0,1.0,0.0,0.0,0.0,0.0,1
-1.513603782967463,2.0825527956630614,1.9481931663351704,-1.1695366997037855,1.0,0.0,1.0,0.0,0.0,0.0,0.0,0.0,1.0,0.0,1
0.857516972099437,-0.828168560100856,-0.6093923393369173,0.8550394359178938,0.0,1.0,0.0,0.0,1.0,0.0,0.0,0.0,0.0,1.0,0
-1.513603782967463,0.1712503880208452,-0.6093923393369173,0.8550394359178938,0.0,1.0,1.0,0.0,0.0,0.0,0.0,0.0,0.0,1.0,0
0.857516972099437,-0.8203950215485047,-0.6093923393369173,0.8550394359178938,0.0,1.0,0.0,0.0,1.0,0.0,0.0,0.0,0.0,1.0,0
0.857516972099437,-0.9117668673729982,-0.6093923393369173,0.8550394359178938,0.0,1.0,0.0,0.0,1.0,0.0,0.0,1.0,0.0,0.0,0
0.857516972099437,-0.7428864902628999,-0.6093923393369173,0.8550394359178938,1.0,0.0,0.0,0.0,1.0,1.0,0.0,0.0,0.0,0.0,0
-1.513603782967463,2.0825527956630614,0.03000403708110462,-1.1695366997037855,0.0,1.0,1.0,0.0,0.0,1.0,0.0,0.0,0.0,0.0,0
0.857516972099437,-0.8302657015001935,0.03000403708110462,-1.1695366997037855,1.0,0.0,0.0,0.0,1.0,0.0,0.0,0.0,0.0,1.0,1
-0.328043405434013,-0.5708553598485087,-0.6093923393369173,0.8550394359178938,0.0,1.0,0.0,0.0,1.0,1.0,0.0,0.0,0.0,0.0,0
0.857516972099437,-0.8617732345431223,-0.6093923393369173,0.8550394359178938,1.0,0.0,1.0,0.0,0.0,0.0,0.0,0.0,0.0,1.0,1
0.857516972099437,-0.7869970365230002,-0.6093923393369173,0.8550394359178938,0.0,1.0,1.0,0.0,0.0,0.0,0.0,0.0,0.0,1.0,0
-0.328043405434013,-0.5708553598485087,-0.6093923393369173,0.8550394359178938,1.0,0.0,0.0,0.0,1.0,0.0,0.0,0.0,0.0,1.0,1
-1.513603782967463,0.08450132744441018,-0.6093923393369173,0.8550394359178938,0.0,1.0,0.0,0.0,1.0,0.0,0.0,0.0,0.0,1.0,0
-0.328043405434013,-0.5275866948713155,0.03000403708110462,-1.1695366997037855,1.0,0.0,1.0,0.0,0.0,0.0,0.0,0.0,0.0,1.0,1
0.857516972099437,-0.8342583360873935,-0.6093923393369173,0.8550394359178938,0.0,1.0,0.0,0.0,1.0,0.0,0.0,0.0,0.0,1.0,0
-1.513603782967463,0.3212262453051861,-0.6093923393369173,0.8550394359178938,0.0,1.0,1.0,0.0,0.0,1.0,0.0,0.0,0.0,0.0,0
0.857516972099437,-0.8617732345431223,0.6694004134991265,-1.1695366997037855,0.0,1.0,1.0,0.0,0.0,0.0,0.0,0.0,1.0,0.0,0
-1.513603782967463,2.0825527956630614,0.6694004134991265,-1.1695366997037855,0.0,1.0,1.0,0.0,0.0,1.0,0.0,0.0,0.0,0.0,0
-1.513603782967463,1.4231530617300738,0.6694004134991265,-1.1695366997037855,1.0,0.0,0.0,0.0,1.0,1.0,0.0,0.0,0.0,0.0,1
0.857516972099437,-0.8332097653877247,-0.6093923393369173,0.8550394359178938,0.0,1.0,0.0,0.0,1.0,0.0,0.0,0.0,0.0,1.0,0
-1.513603782967463,1.368960104896236,0.6694004134991265,-1.1695366997037855,1.0,0.0,0.0,0.0,1.0,1.0,0.0,0.0,0.0,0.0,1
-1.513603782967463,2.0825527956630614,-0.6093923393369173,0.8550394359178938,1.0,0.0,1.0,0.0,0.0,0.0,0.0,0.0,0.0,1.0,1
0.857516972099437,-0.8355186374091106,-0.6093923393369173,0.8550394359178938,1.0,0.0,0.0,0.0,1.0,0.0,0.0,0.0,0.0,1.0,1
0.857516972099437,-0.8355186374091106,-0.6093923393369173,0.8550394359178938,1.0,0.0,0.0,0.0,1.0,1.0,0.0,0.0,0.0,0.0,0
0.857516972099437,-0.8619849651651706,-0.6093923393369173,0.8550394359178938,0.0,1.0,1.0,0.0,0.0,1.0,0.0,0.0,0.0,0.0,0
-1.513603782967463,0.7701052464585407,-0.6093923393369173,0.8550394359178938,0.0,1.0,1.0,0.0,0.0,0.0,0.0,0.0,0.0,1.0,0
0.857516972099437,-0.5973216876045689,-0.6093923393369173,0.8550394359178938,1.0,0.0,0.0,0.0,1.0,0.0,1.0,0.0,0.0,0.0,1
-1.513603782967463,0.09899479264415749,-0.6093923393369173,0.8550394359178938,0.0,1.0,0.0,0.0,1.0,1.0,0.0,0.0,0.0,0.0,1
0.857516972099437,-0.8203950215485047,-0.6093923393369173,0.8550394359178938,0.0,1.0,0.0,0.0,1.0,0.0,0.0,0.0,0.0,1.0,0
0.857516972099437,-0.4576399715160136,0.6694004134991265,-1.1695366997037855,1.0,0.0,1.0,0.0,0.0,0.0,0.0,0.0,0.0,1.0,0
0.857516972099437,-0.74729754488891,-0.6093923393369173,0.8550394359178938,0.0,1.0,0.0,0.0,1.0,0.0,0.0,0.0,1.0,0.0,0
-1.513603782967463,2.0825527956630614,0.03000403708110462,-1.1695366997037855,1.0,0.0,1.0,0.0,0.0,1.0,0.0,0.0,0.0,0.0,1
0.857516972099437,-0.8575739105391607,-0.6093923393369173,0.8550394359178938,0.0,1.0,0.0,0.0,1.0,0.0,0.0,0.0,0.0,1.0,0
-0.328043405434013,-0.06673483116164802,1.9481931663351704,-1.1695366997037855,1.0,0.0,0.0,0.0,1.0,1.0,0.0,0.0,0.0,0.0,1
0.857516972099437,-0.8607246638434536,-0.6093923393369173,0.8550394359178938,0.0,1.0,0.0,0.0,1.0,0.0,0.0,0.0,0.0,1.0,0
-0.328043405434013,-0.5708553598485087,-0.6093923393369173,0.8550394359178938,0.0,1.0,0.0,0.0,1.0,0.0,0.0,0.0,0.0,1.0,1
-1.513603782967463,2.0825527956630614,-0.6093923393369173,0.8550394359178938,0.0,1.0,1.0,0.0,0.0,1.0,0.0,0.0,0.0,0.0,0
0.857516972099437,1.621857209317287,-0.6093923393369173,0.8550394359178938,0.0,1.0,0.0,0.0,1.0,0.0,0.0,0.0,0.0,1.0,0
